frame,track_id,x1,y1,x2,y2
2,1,310,526,362,591
2,2,1714,320,1746,383
2,3,1131,480,1172,543
2,4,928,201,964,247
2,5,894,576,932,639
2,6,1132,346,1168,405
2,7,1662,462,1699,524
2,8,1300,810,1331,889
2,9,364,376,395,432
2,10,337,800,374,877
2,11,289,444,316,511
2,12,733,347,769,402
2,13,770,395,800,455
2,14,937,268,960,326
2,15,1020,145,1046,194
2,16,841,240,883,291
2,17,444,208,481,265
2,18,1472,224,1504,273
2,19,560,94,587,142
2,20,884,149,917,195
2,21,899,157,933,205
3,1,302,525,354,590
3,2,1715,321,1747,383
3,3,1130,482,1169,543
3,4,926,202,961,247
3,5,891,575,930,640
3,6,1132,348,1167,405
3,7,1663,462,1699,523
3,8,1300,810,1331,889
3,9,365,374,396,430
3,10,335,798,373,874
3,11,288,441,315,510
3,12,732,348,768,402
3,13,769,397,798,454
3,14,938,267,962,327
3,15,1018,145,1044,193
3,16,837,240,878,292
3,17,442,206,481,264
3,18,1472,224,1503,272
3,19,560,93,589,142
3,20,883,149,916,196
3,21,896,157,930,203
3,22,460,74,493,118
4,1,297,525,348,589
4,2,1714,322,1747,384
4,3,1126,482,1165,543
4,4,924,201,959,248
4,5,888,574,928,638
4,6,1130,348,1165,405
4,7,1662,462,1698,523
4,8,1299,811,1330,889
4,9,363,373,395,429
4,10,332,796,369,869
4,11,289,440,316,506
4,12,728,348,764,401
4,13,767,398,797,454
4,14,938,267,962,327
4,15,1016,144,1041,192
4,16,835,240,875,290
4,17,441,206,479,262
4,18,1474,224,1505,272
4,19,561,92,589,141
4,20,880,147,914,195
4,21,896,158,930,205
4,22,458,72,492,118
5,1,295,522,347,589
5,2,1714,323,1745,384
5,3,1123,481,1161,543
5,4,922,199,958,247
5,5,883,574,923,638
5,6,1129,349,1162,405
5,7,1661,462,1697,523
5,8,1300,811,1331,889
5,9,362,372,393,425
5,10,327,794,365,867
5,11,289,439,316,503
5,12,725,348,760,401
5,13,765,398,795,455
5,14,937,266,962,327
5,15,1013,144,1039,192
5,16,834,241,873,289
5,17,438,205,477,261
5,18,1475,223,1507,273
5,19,560,92,589,141
5,20,876,146,907,190
5,21,896,157,930,205
5,22,458,71,493,118
6,1,295,519,348,587
6,2,1713,324,1744,384
6,3,1121,481,1160,543
6,4,922,197,958,245
6,5,879,574,920,638
6,6,1128,348,1161,406
6,7,1662,462,1697,523
6,8,1301,812,1333,888
6,9,360,371,392,424
6,10,320,793,358,866
6,11,287,438,314,500
6,12,722,347,758,401
6,13,761,398,790,455
6,14,938,267,964,327
6,15,1012,145,1039,193
6,16,831,240,871,291
6,17,435,204,474,261
6,18,1477,223,1509,272
6,19,558,91,588,140
6,20,870,146,901,189
6,21,896,156,930,203
6,22,459,69,496,119
7,1,295,517,348,585
7,2,1711,324,1741,384
7,3,1120,480,1159,542
7,4,921,197,957,245
7,5,875,575,917,639
7,6,1128,347,1161,404
7,7,1662,461,1698,523
7,8,1303,812,1336,889
7,9,357,371,389,422
7,10,311,792,350,866
7,11,284,437,311,499
7,12,721,345,757,400
7,13,757,397,786,455
7,14,940,267,965,327
7,15,1009,146,1036,194
7,16,827,241,868,293
7,17,430,204,470,262
7,18,1479,223,1510,272
7,19,557,90,588,140
7,20,866,147,896,190
7,21,894,156,928,204
7,22,459,68,497,119
8,1,296,515,347,581
8,2,1711,323,1741,384
8,3,1118,479,1157,542
8,4,920,197,956,245
8,5,870,576,912,640
8,6,1128,347,1161,404
8,7,1663,460,1700,523
8,8,1305,812,1339,889
8,9,353,371,386,422
8,10,304,791,344,866
8,11,282,435,310,497
8,12,721,344,756,399
8,13,754,395,784,455
8,14,941,268,967,327
8,15,1005,147,1031,195
8,16,821,242,862,294
8,17,427,204,467,262
8,18,1480,223,1512,272
8,19,557,91,587,140
8,20,862,148,892,190
8,21,893,155,927,204
8,22,460,67,499,119
9,1,295,514,346,579
9,2,1710,322,1741,384
9,3,1116,479,1155,543
9,4,920,199,956,247
9,5,863,574,905,640
9,6,1127,347,1161,405
9,7,1664,460,1701,524
9,8,1307,811,1342,889
9,9,349,370,382,421
9,10,300,789,342,865
9,11,283,431,312,497
9,12,719,343,755,398
9,13,752,393,782,453
9,14,942,268,967,327
9,15,1003,147,1030,195
9,16,815,243,855,295
9,17,424,204,463,262
9,18,1480,224,1512,273
9,19,558,93,587,141
9,20,859,148,888,189
9,21,892,155,927,205
9,22,460,66,499,120
10,1,289,514,338,579
10,2,1708,322,1740,385
10,3,1114,480,1154,544
10,4,919,200,955,248
10,5,857,575,898,640
10,6,1127,348,1161,406
10,7,1664,460,1701,524
10,8,1308,811,1344,888
10,9,346,369,382,422
10,10,297,786,340,863
10,11,284,430,314,495
10,12,717,343,753,397
10,13,751,392,782,452
10,14,942,268,966,327
10,15,1002,146,1030,195
10,16,813,243,853,296
10,17,422,203,460,262
10,18,1481,225,1512,273
10,19,557,94,586,141
10,20,858,148,887,188
10,21,890,156,924,205
10,22,460,65,500,120
11,1,288,513,335,579
11,2,1707,322,1740,385
11,3,1114,481,1152,543
11,4,917,200,953,248
11,5,854,575,896,640
11,6,1127,349,1162,407
11,7,1666,462,1702,524
11,8,1309,810,1345,888
11,9,344,367,382,422
11,10,295,782,338,858
11,11,286,426,316,492
11,12,716,343,753,398
11,13,749,392,780,451
11,14,943,267,968,327
11,15,1002,146,1029,192
11,16,812,243,852,295
11,17,421,201,460,261
11,18,1481,226,1512,274
11,19,555,95,583,141
11,20,852,148,882,188
11,21,888,156,921,204
11,22,459,64,500,120
12,1,289,513,334,578
12,2,1707,323,1741,386
12,3,1111,481,1148,543
12,4,915,199,949,247
12,5,853,572,896,639
12,6,1128,350,1163,408
12,7,1667,463,1703,524
12,8,1310,809,1346,886
12,9,344,365,381,417
12,10,293,779,337,854
12,11,288,424,317,488
12,12,714,343,750,398
12,13,748,392,779,452
12,14,945,267,970,327
12,15,1000,146,1028,192
12,16,810,243,849,293
12,17,421,200,460,258
12,18,1481,226,1511,273
12,19,554,95,581,140
12,20,848,148,879,188
12,21,888,156,919,201
12,22,459,63,501,120
13,1,290,512,334,577
13,2,1708,325,1742,387
13,3,1110,481,1145,543
13,4,914,199,948,247
13,5,850,572,894,639
13,6,1129,352,1162,409
13,7,1668,464,1702,525
13,8,1311,808,1345,885
13,9,342,364,380,415
13,10,289,778,333,852
13,11,289,424,318,485
13,12,712,343,746,398
13,13,745,393,775,451
13,14,946,266,972,327
13,15,996,146,1025,193
13,16,806,243,846,295
13,17,421,200,459,257
13,18,1481,226,1512,275
13,19,554,95,581,140
13,20,846,149,877,190
13,21,887,155,919,202
13,22,459,62,502,120
14,1,290,510,335,576
14,2,1708,326,1741,387
14,3,1110,481,1145,543
14,4,915,198,949,246
14,5,847,572,891,638
14,6,1129,352,1160,409
14,7,1667,464,1701,525
14,8,1311,808,1345,885
14,9,340,364,380,416
14,10,284,777,327,851
14,11,290,423,318,482
14,12,711,343,744,398
14,13,745,394,774,452
14,14,947,266,974,327
14,15,993,147,1023,194
14,16,802,244,843,297
14,17,420,200,458,256
14,18,1483,226,1514,275
14,19,554,94,583,142
14,20,840,149,871,190
14,21,887,155,920,203
14,22,467,65,505,118
15,1,290,507,335,574
15,2,1708,326,1740,388
15,3,1110,480,1145,543
15,4,916,198,950,246
15,5,845,573,889,638
15,6,1128,352,1159,408
15,7,1668,464,1702,526
15,8,1312,807,1346,886
15,9,337,364,377,416
15,10,281,775,322,849
15,11,292,422,319,481
15,12,711,343,744,398
15,13,743,391,774,453
15,14,950,266,977,328
15,15,990,147,1019,195
15,16,798,245,837,297
15,17,420,200,458,256
15,18,1485,226,1517,276
15,19,556,94,586,143
15,20,837,148,869,191
15,21,887,155,921,203
15,22,470,68,506,118
16,1,290,505,335,570
16,2,1707,326,1739,388
16,3,1110,480,1145,542
16,4,916,199,950,246
16,5,840,573,883,639
16,6,1130,351,1161,408
16,7,1669,463,1703,526
16,8,1314,808,1347,886
16,9,333,363,373,416
16,10,279,772,322,847
16,11,294,420,322,480
16,12,710,341,744,397
16,13,742,387,774,451
16,14,954,267,981,328
16,15,991,148,1019,194
16,16,796,246,834,298
16,17,419,200,459,257
16,18,1487,226,1519,276
16,19,557,94,588,144
16,20,836,147,868,190
16,21,888,155,922,204
16,22,470,70,504,118
17,1,291,504,334,568
17,2,1708,325,1740,388
17,3,1110,480,1145,542
17,4,917,200,950,247
17,5,836,573,877,638
17,6,1132,351,1163,408
17,7,1671,463,1705,526
17,8,1314,808,1348,885
17,9,333,363,372,417
17,10,278,768,322,844
17,11,298,418,327,478
17,12,710,340,745,396
17,13,742,384,775,450
17,14,958,270,985,328
17,15,991,148,1019,193
17,16,796,246,832,296
17,17,418,201,458,258
17,18,1488,226,1520,277
17,19,558,96,592,151
17,20,833,147,865,188
17,21,888,156,922,206
17,22,471,71,503,119
18,1,288,504,331,567
18,2,1708,325,1741,389
18,3,1109,481,1145,543
18,4,917,201,951,249
18,5,835,573,876,639
18,6,1133,351,1164,410
18,7,1672,463,1707,526
18,8,1315,808,1350,885
18,9,335,364,374,416
18,10,278,766,321,838
18,11,301,416,331,476
18,12,709,341,744,396
18,13,743,386,775,448
18,14,962,270,988,327
18,15,990,148,1018,193
18,16,793,245,831,296
18,17,417,201,457,258
18,18,1490,228,1522,279
18,19,559,98,594,155
18,20,830,148,863,189
18,21,887,157,920,205
18,22,471,72,503,119
19,1,288,503,330,566
19,2,1707,325,1741,390
19,3,1110,482,1144,543
19,4,917,202,949,249
19,5,834,571,876,637
19,6,1133,352,1166,411
19,7,1672,463,1708,527
19,8,1318,808,1354,884
19,9,336,364,377,417
19,10,278,763,319,833
19,11,305,414,335,473
19,12,711,342,746,398
19,13,744,389,775,446
19,14,965,270,991,328
19,15,988,150,1018,194
19,16,791,247,829,297
19,17,415,200,455,258
19,18,1491,230,1523,281
19,19,562,100,595,156
19,20,827,149,860,191
19,21,887,158,919,205
19,22,472,72,504,119
20,1,287,500,330,565
20,2,1706,326,1741,390
20,3,1109,482,1141,543
20,4,917,204,948,250
20,5,832,570,874,634
20,6,1134,354,1166,412
20,7,1673,464,1709,527
20,8,1322,808,1359,883
20,9,337,364,379,417
20,10,273,761,315,831
20,11,308,413,338,469
20,12,711,344,746,398
20,13,745,390,777,447
20,14,968,271,993,328
20,15,987,151,1017,197
20,16,787,247,826,299
20,17,417,199,457,258
20,18,1491,232,1523,282
20,19,565,102,596,155
20,20,823,150,855,192
20,21,888,158,920,205
20,22,473,72,504,119
21,1,290,497,334,564
21,2,1706,328,1741,391
21,3,1106,482,1139,543
21,4,917,204,948,250
21,5,829,568,872,632
21,6,1136,356,1167,413
21,7,1674,466,1709,528
21,8,1326,808,1363,883
21,9,338,365,381,418
21,10,268,758,311,829
21,11,311,411,341,467
21,12,709,344,743,398
21,13,746,391,777,447
21,14,970,271,995,329
21,15,984,152,1014,198
21,16,782,249,820,300
21,17,419,199,459,257
21,18,1491,234,1521,283
21,19,570,104,598,153
21,20,822,151,854,193
21,21,889,158,921,205
21,22,485,77,516,122
22,1,293,494,338,563
22,2,1706,330,1741,391
22,3,1106,481,1138,543
22,4,919,205,950,251
22,5,827,569,870,631
22,6,1137,357,1168,414
22,7,1673,467,1707,528
22,8,1328,807,1365,881
22,9,336,366,379,418
22,10,267,754,311,828
22,11,313,412,343,466
22,12,708,344,743,399
22,13,744,391,774,447
22,14,973,271,998,330
22,15,981,153,1011,199
22,16,780,249,818,301
22,17,423,200,462,256
22,18,1491,234,1521,284
22,19,574,106,602,154
22,20,821,153,853,194
22,21,890,159,923,207
22,22,487,78,517,122
23,1,298,492,341,557
23,2,1707,332,1741,392
23,3,1106,480,1139,542
23,4,920,206,951,252
23,5,824,568,868,632
23,6,1138,358,1169,415
23,7,1672,468,1705,529
23,8,1327,808,1365,879
23,9,333,366,376,419
23,10,267,749,313,825
23,11,314,411,345,465
23,12,709,344,744,399
23,13,744,391,774,447
23,14,976,271,1001,331
23,15,980,153,1010,200
23,16,780,249,818,301
23,17,426,200,465,256
23,18,1492,234,1522,285
23,19,577,107,606,154
23,20,817,154,850,196
23,21,891,160,924,209
23,22,489,78,519,123
24,1,301,491,343,553
24,2,1706,334,1738,393
24,3,1105,480,1138,542
24,4,920,206,952,252
24,5,818,568,862,631
24,6,1139,359,1169,415
24,7,1671,468,1704,529
24,8,1326,807,1363,877
24,9,331,366,374,420
24,10,269,744,315,819
24,11,317,411,348,465
24,12,710,342,745,397
24,13,746,389,776,446
24,14,978,272,1004,331
24,15,981,154,1011,200
24,16,779,250,816,299
24,17,429,201,467,257
24,18,1493,234,1523,285
24,19,580,108,608,154
24,20,815,155,849,199
24,21,891,162,924,210
24,22,491,79,521,123
25,1,303,489,344,551
25,2,1705,334,1736,394
25,3,1104,480,1137,541
25,4,920,208,952,254
25,5,814,566,857,631
25,6,1140,361,1169,415
25,7,1671,468,1704,529
25,8,1324,806,1362,877
25,9,332,365,375,421
25,10,270,740,315,811
25,11,319,409,353,466
25,12,711,342,746,397
25,13,747,385,779,446
25,14,981,273,1008,332
25,15,981,155,1011,199
25,16,778,251,815,300
25,17,430,204,469,259
25,18,1492,235,1523,285
25,19,582,109,611,155
25,20,812,157,846,201
25,21,889,164,922,212
25,22,492,81,522,126
26,1,302,489,343,550
26,2,1704,334,1736,396
26,3,1105,480,1137,541
26,4,921,211,952,257
26,5,813,565,856,631
26,6,1142,361,1171,415
26,7,1671,468,1704,530
26,8,1322,803,1362,876
26,9,334,364,379,421
26,10,271,737,315,807
26,11,323,409,357,463
26,12,709,342,745,397
26,13,748,385,780,445
26,14,986,275,1013,333
26,15,980,157,1011,201
26,16,775,252,812,302
26,17,429,205,467,260
26,18,1493,236,1523,286
26,19,584,112,613,156
26,20,809,158,843,202
26,21,889,166,920,213
26,22,497,81,526,126
27,1,306,488,345,549
27,2,1701,335,1734,397
27,3,1105,481,1136,541
27,4,921,213,951,259
27,5,813,564,857,630
27,6,1143,360,1173,415
27,7,1669,468,1703,530
27,8,1322,800,1363,874
27,9,338,364,380,416
27,10,270,733,314,804
27,11,327,403,363,461
27,12,712,343,748,398
27,13,750,386,782,445
27,14,990,276,1018,334
27,15,978,158,1009,203
27,16,771,253,808,303
27,17,433,207,469,261
27,18,1492,238,1522,288
27,19,586,115,615,158
27,20,809,158,843,204
27,21,890,168,921,214
27,22,503,85,531,128
28,1,311,487,349,548
28,2,1698,335,1731,398
28,3,1103,481,1133,541
28,4,921,214,951,260
28,5,813,562,855,626
28,6,1143,361,1174,416
28,7,1667,469,1701,530
28,8,1323,798,1363,872
28,9,341,364,381,412
28,10,269,731,311,801
28,11,330,401,366,457
28,12,714,344,750,399
28,13,752,387,784,445
28,14,995,277,1023,335
28,15,975,160,1006,206
28,16,769,255,804,303
28,17,436,207,471,260
28,18,1491,241,1521,290
28,19,588,117,616,159
28,20,807,159,841,204
28,21,891,170,922,215
28,22,505,86,533,129
29,1,315,485,353,547
29,2,1696,337,1730,398
29,3,1103,481,1132,541
29,4,923,216,953,261
29,5,812,562,853,623
29,6,1145,361,1176,417
29,7,1666,470,1701,531
29,8,1325,795,1366,870
29,9,341,365,379,411
29,10,270,726,313,799
29,11,333,401,367,456
29,12,714,346,749,399
29,13,753,387,784,444
29,14,999,278,1027,335
29,15,973,162,1003,207
29,16,768,255,804,305
29,17,441,207,476,262
29,18,1490,244,1520,293
29,19,588,119,616,161
29,20,805,161,839,204
29,21,891,171,923,216
29,22,510,87,537,130
30,1,318,483,357,546
30,2,1695,338,1729,399
30,3,1103,481,1133,540
30,4,924,217,954,261
30,5,810,561,850,623
30,6,1147,363,1178,418
30,7,1665,471,1699,531
30,8,1327,793,1368,868
30,9,339,365,379,412
30,10,272,722,316,795
30,11,336,403,369,455
30,12,714,346,747,399
30,13,753,387,784,444
30,14,1002,279,1030,336
30,15,973,163,1003,208
30,16,767,255,803,304
30,17,445,207,481,263
30,18,1489,246,1518,295
30,19,592,122,620,162
30,20,803,163,836,207
30,21,892,174,924,217
30,22,513,87,540,131
31,1,322,480,361,542
31,2,1695,340,1728,400
31,3,1103,480,1133,539
31,4,924,219,953,261
31,5,807,561,846,622
31,6,1147,366,1176,419
31,7,1664,473,1697,531
31,8,1329,792,1369,865
31,9,338,366,378,414
31,10,275,718,318,788
31,11,339,404,372,454
31,12,716,345,748,398
31,13,753,388,783,444
31,14,1005,280,1032,337
31,15,973,165,1003,209
31,16,764,256,800,304
31,17,450,207,485,264
31,18,1489,247,1517,295
31,19,594,124,623,165
31,20,801,165,834,209
31,21,892,175,924,219
31,22,515,88,543,132
32,1,325,479,363,538
32,2,1696,342,1728,402
32,3,1103,480,1133,539
32,4,924,220,955,264
32,5,805,560,843,621
32,6,1148,367,1176,420
32,7,1662,473,1695,533
32,8,1330,792,1370,864
32,9,339,367,378,414
32,10,277,714,318,781
32,11,342,403,375,452
32,12,718,345,750,398
32,13,755,387,785,444
32,14,1009,280,1035,338
32,15,972,167,1002,210
32,16,762,257,799,306
32,17,453,208,488,263
32,18,1490,248,1518,296
32,19,596,126,627,168
32,20,799,166,832,211
32,21,891,177,923,221
32,22,518,89,546,133
33,1,328,479,365,536
33,2,1693,343,1725,403
33,3,1102,480,1133,538
33,4,924,222,956,267
33,5,805,559,844,621
33,6,1148,368,1176,421
33,7,1660,473,1693,533
33,8,1331,792,1369,862
33,9,342,367,381,414
33,10,277,710,318,776
33,11,344,399,379,451
33,12,719,345,753,399
33,13,757,386,788,443
33,14,1013,281,1038,339
33,15,970,169,1001,212
33,16,759,259,796,308
33,17,456,210,490,263
33,18,1490,249,1518,298
33,19,600,129,631,172
33,20,799,168,831,213
33,21,890,178,921,222
33,22,524,93,550,135
34,1,330,479,366,536
34,2,1692,344,1722,403
34,3,1103,480,1133,538
34,4,924,223,955,268
34,5,805,557,844,618
34,6,1150,368,1178,421
34,7,1659,473,1691,534
34,8,1331,790,1367,859
34,9,345,367,383,411
34,10,276,706,316,774
34,11,347,399,384,451
34,12,719,345,753,399
34,13,759,386,790,442
34,14,1017,283,1041,339
34,15,969,172,1000,215
34,16,756,260,792,309
34,17,459,212,495,266
34,18,1490,250,1519,300
34,19,603,132,633,175
34,20,797,170,830,214
34,21,891,180,923,224
34,22,528,94,555,137
35,1,330,478,366,535
35,2,1691,345,1721,404
35,3,1101,481,1130,538
35,4,925,225,954,269
35,5,804,555,843,614
35,6,1152,368,1180,421
35,7,1658,473,1691,533
35,8,1330,789,1366,859
35,9,346,367,386,414
35,10,276,703,316,771
35,11,349,398,386,450
35,12,720,347,754,400
35,13,761,386,793,441
35,14,1020,283,1045,340
35,15,967,175,996,217
35,16,756,260,792,310
35,17,463,214,499,267
35,18,1490,251,1519,301
35,19,606,133,637,177
35,20,795,172,828,216
35,21,893,180,925,224
35,22,532,95,559,138
36,1,331,476,368,534
36,2,1690,345,1721,406
36,3,1100,481,1128,538
36,4,927,227,956,270
36,5,802,554,842,612
36,6,1156,368,1184,422
36,7,1658,473,1691,533
36,8,1331,786,1368,857
36,9,345,367,388,417
36,10,278,698,320,769
36,11,351,399,387,449
36,12,721,348,756,402
36,13,764,387,795,440
36,14,1024,285,1048,341
36,15,966,175,995,218
36,16,756,260,792,309
36,17,466,217,500,268
36,18,1490,253,1519,302
36,19,610,135,640,178
36,20,795,174,828,219
36,21,894,181,926,225
36,22,535,96,562,139
37,1,335,474,373,533
37,2,1688,346,1720,406
37,3,1101,481,1129,537
37,4,929,229,958,270
37,5,802,553,842,611
37,6,1157,370,1185,423
37,7,1656,473,1690,533
37,8,1333,783,1369,855
37,9,345,369,390,422
37,10,281,694,324,766
37,11,353,399,390,449
37,12,722,351,756,402
37,13,766,387,798,441
37,14,1028,286,1053,342
37,15,966,176,996,219
37,16,756,260,791,309
37,17,468,218,502,270
37,18,1490,256,1519,305
37,19,614,136,644,178
37,20,792,176,824,221
37,21,895,183,927,226
37,22,539,98,565,140
37,32,596,176,603,183
38,1,340,471,378,532
38,2,1687,347,1719,407
38,3,1102,480,1131,537
38,4,929,230,959,272
38,5,798,553,838,610
38,6,1159,371,1187,423
38,7,1656,474,1690,534
38,8,1334,781,1371,853
38,9,344,370,396,432
38,10,285,689,327,760
38,11,353,391,394,448
38,12,722,351,754,403
38,13,768,388,799,442
38,14,1033,288,1058,343
38,15,966,177,996,219
38,16,754,261,790,310
38,17,470,219,504,271
38,18,1490,259,1518,307
38,19,617,137,648,180
38,20,792,178,823,223
38,21,895,186,927,228
38,22,542,99,568,141
38,32,597,177,603,184
39,1,344,470,382,527
39,2,1687,349,1720,409
39,3,1103,480,1132,535
39,4,929,232,959,273
39,5,794,552,835,611
39,6,1160,372,1189,425
39,7,1656,476,1689,535
39,8,1335,780,1371,851
39,9,347,371,397,430
39,10,287,686,328,752
39,11,357,393,397,448
39,12,722,351,755,404
39,13,768,387,798,442
39,14,1037,289,1063,344
39,15,965,179,995,219
39,16,751,263,787,312
39,17,473,219,509,273
39,18,1489,261,1517,308
39,19,620,140,650,182
39,20,792,179,823,223
39,21,895,188,926,230
39,22,545,100,571,142
39,32,598,178,604,184
40,1,347,467,385,524
40,2,1688,351,1720,409
40,3,1103,479,1133,535
40,4,929,233,960,275
40,5,792,550,832,610
40,6,1163,373,1192,427
40,7,1655,478,1688,535
40,8,1336,780,1372,849
40,9,347,371,401,436
40,10,287,683,327,749
40,11,356,388,399,447
40,12,724,350,757,403
40,13,770,387,801,442
40,14,1042,289,1069,345
40,15,964,180,994,222
40,16,748,265,782,313
40,17,478,219,514,272
40,18,1489,262,1516,310
40,19,622,143,652,185
40,20,790,180,820,222
40,21,894,189,924,231
40,22,548,101,574,143
40,32,600,180,604,184
41,1,348,467,386,523
41,2,1689,352,1721,410
41,3,1103,480,1132,536
41,4,929,234,959,276
41,5,791,548,832,609
41,6,1165,374,1193,427
41,7,1655,480,1686,535
41,8,1338,780,1374,847
41,9,346,371,392,427
41,10,286,680,326,747
41,11,358,393,399,449
41,12,726,349,760,402
41,13,772,385,803,442
41,14,1046,289,1073,344
41,15,962,181,993,225
41,16,747,265,780,313
41,17,482,220,518,272
41,18,1491,262,1518,310
41,19,621,145,651,187
41,20,788,181,818,223
41,21,895,190,925,231
41,22,552,105,579,145
41,32,601,181,604,185
42,1,349,466,387,524
42,2,1690,353,1720,411
42,3,1101,480,1130,536
42,4,929,235,957,277
42,5,791,547,832,606
42,6,1166,375,1194,428
42,7,1654,480,1685,536
42,8,1339,780,1374,846
42,9,344,369,386,422
42,10,286,678,324,745
42,11,357,394,398,450
42,12,727,349,762,400
42,13,774,384,805,440
42,14,1051,290,1077,344
42,15,959,181,990,225
42,16,747,266,779,312
42,17,485,221,520,272
42,18,1493,262,1520,310
42,19,621,146,651,189
42,20,785,182,816,225
42,21,896,191,927,232
42,22,556,106,582,146
42,32,602,183,604,185
43,1,349,466,386,523
43,2,1690,353,1719,411
43,3,1101,481,1128,536
43,4,930,235,959,277
43,5,790,545,830,604
43,6,1166,375,1193,428
43,7,1655,480,1685,536
43,8,1338,780,1373,845
43,9,342,369,383,423
43,10,288,674,327,742
43,11,360,396,399,450
43,12,727,349,762,401
43,13,776,384,807,439
43,14,1055,290,1080,344
43,15,958,181,989,226
43,16,746,268,777,311
43,17,487,222,523,273
43,18,1493,262,1520,310
43,19,625,147,654,189
43,20,782,183,812,227
43,21,897,191,928,233
43,22,556,102,585,146
43,32,603,184,605,185
44,1,352,465,388,524
44,2,1691,354,1720,412
44,3,1101,481,1128,536
44,4,932,236,961,278
44,5,789,545,828,602
44,6,1169,375,1196,428
44,7,1655,480,1686,537
44,8,1337,778,1372,845
44,9,342,368,383,425
44,10,292,670,330,737
44,11,362,395,401,450
44,12,727,350,762,402
44,13,779,384,809,437
44,14,1059,290,1083,344
44,15,959,183,989,227
44,16,745,269,777,311
44,17,489,224,525,275
44,18,1493,264,1521,312
44,19,627,149,657,191
44,20,782,184,812,229
44,21,896,192,928,234
44,22,559,103,588,147
44,32,604,185,605,186
45,1,355,463,391,522
45,2,1690,354,1720,413
45,3,1101,481,1129,534
45,4,932,238,961,279
45,5,787,545,825,601
45,6,1172,376,1199,429
45,7,1655,480,1687,538
45,8,1337,775,1373,844
45,9,342,369,383,427
45,10,295,667,331,730
45,11,365,396,402,448
45,12,728,351,761,403
45,13,782,384,811,436
45,14,1063,292,1086,345
45,15,960,185,990,228
45,16,742,268,775,313
45,17,491,225,526,276
45,18,1493,265,1521,313
45,19,627,151,658,193
45,20,782,185,812,229
45,21,896,193,928,236
45,22,563,113,586,148
45,32,606,187,605,186
46,1,360,462,395,520
46,2,1689,355,1720,413
46,3,1102,480,1129,533
46,4,933,239,963,282
46,5,784,544,821,600
46,6,1174,376,1201,429
46,7,1654,480,1687,537
46,8,1338,772,1375,843
46,9,345,371,383,425
46,10,297,663,333,724
46,11,367,397,403,447
46,12,728,352,761,404
46,13,784,385,812,436
46,14,1067,292,1090,346
46,15,958,187,987,228
46,16,740,268,773,314
46,17,494,226,528,276
46,18,1493,267,1522,315
46,19,629,153,659,193
46,20,780,187,810,229
46,21,895,195,927,238
46,22,566,115,589,149
46,32,607,188,605,187
47,1,364,460,399,517
47,2,1689,356,1720,414
47,3,1101,480,1130,532
47,4,933,241,963,284
47,5,784,542,821,599
47,6,1177,377,1204,429
47,7,1653,481,1686,538
47,8,1340,769,1377,841
47,9,349,371,383,423
47,10,297,660,332,721
47,11,369,397,405,447
47,12,730,353,762,403
47,13,785,385,813,436
47,14,1069,292,1093,346
47,15,957,188,987,230
47,16,736,268,770,315
47,17,498,227,531,276
47,18,1494,270,1521,317
47,19,632,155,661,196
47,20,779,188,809,230
47,21,894,196,926,239
47,22,567,111,594,151
47,32,608,189,606,187
47,34,1872,1034,1902,1079
48,1,367,459,402,514
48,2,1690,358,1722,415
48,3,1101,480,1130,533
48,4,933,243,961,285
48,5,784,540,822,599
48,6,1179,378,1206,430
48,7,1652,483,1686,539
48,8,1341,768,1379,839
48,9,353,372,384,420
48,10,296,657,331,719
48,11,369,397,407,447
48,12,732,352,764,403
48,13,788,385,815,437
48,14,1073,295,1097,347
48,15,957,190,986,232
48,16,736,267,770,316
48,17,503,228,535,276
48,18,1495,272,1522,320
48,19,634,157,662,198
48,20,777,191,807,234
48,21,896,196,926,239
48,22,570,112,597,152
48,32,609,191,606,187
48,34,1869,1032,1900,1079
49,1,369,458,404,512
49,2,1693,360,1723,416
49,3,1100,480,1129,534
49,4,934,245,960,285
49,5,784,539,822,594
49,6,1181,380,1209,431
49,7,1652,484,1685,540
49,8,1344,767,1381,837
49,9,353,371,384,421
49,10,297,653,334,717
49,11,368,397,408,449
49,12,734,351,767,402
49,13,791,384,818,436
49,14,1078,295,1102,348
49,15,955,190,984,233
49,16,737,267,769,314
49,17,508,228,540,277
49,18,1496,272,1522,320
49,19,634,159,662,200
49,20,775,192,804,235
49,21,898,196,929,240
49,22,576,113,603,153
49,32,610,192,606,188
49,34,1868,1032,1899,1079
50,1,369,458,404,511
50,2,1694,361,1724,417
50,3,1100,481,1128,534
50,4,936,244,964,287
50,5,784,538,821,590
50,6,1185,381,1213,432
50,7,1652,484,1684,541
50,8,1347,767,1383,836
50,9,354,371,387,425
50,10,301,648,339,714
50,11,370,397,410,451
50,12,736,351,770,402
50,13,794,383,821,433
50,14,1083,296,1109,349
50,15,957,191,985,233
50,16,738,267,770,312
50,17,513,228,546,278
50,18,1499,273,1524,320
50,19,637,160,666,202
50,20,776,192,806,236
50,21,901,197,933,240
50,22,576,112,603,153
50,32,611,193,607,188
50,34,1867,1032,1898,1079
51,1,372,458,405,510
51,2,1696,362,1724,418
51,3,1101,481,1129,534
51,4,939,245,967,287
51,5,783,537,821,589
51,6,1189,382,1215,432
51,7,1652,485,1684,541
51,8,1349,766,1384,834
51,9,356,370,389,426
51,10,306,643,344,709
51,11,375,397,415,453
51,12,738,352,772,402
51,13,799,383,826,432
51,14,1090,296,1115,349
51,15,959,191,988,234
51,16,737,267,770,313
51,17,518,230,550,278
51,18,1502,273,1527,321
51,19,640,161,671,203
51,20,778,192,807,236
51,21,902,198,934,241
51,22,580,113,607,155
51,32,613,195,607,188
51,34,1866,1031,1897,1079
52,1,374,455,409,510
52,2,1698,363,1725,418
52,3,1103,480,1131,532
52,4,940,246,969,288
52,5,783,536,821,589
52,6,1191,383,1217,432
52,7,1653,484,1685,541
52,8,1350,766,1384,832
52,9,357,370,391,427
52,10,310,639,346,701
52,11,380,398,421,456
52,12,739,353,773,403
52,13,802,383,830,431
52,14,1096,297,1121,350
52,15,960,191,989,234
52,16,736,267,769,314
52,17,521,231,555,280
52,18,1503,273,1530,323
52,19,643,163,674,205
52,20,777,193,806,234
52,21,903,199,935,243
52,22,584,114,609,156
52,32,614,196,607,189
52,34,1864,1030,1896,1079
53,1,378,453,414,508
53,2,1700,362,1728,420
53,3,1104,480,1132,531
53,4,941,247,971,290
53,5,780,535,819,590
53,6,1194,383,1219,432
53,7,1655,484,1687,541
53,8,1352,764,1385,831
53,9,361,371,393,428
53,10,312,636,348,697
53,11,381,400,421,456
53,12,739,354,772,403
53,13,805,383,834,432
53,14,1101,298,1127,350
53,15,960,192,989,234
53,16,734,268,768,315
53,17,525,233,559,281
53,18,1505,275,1531,323
53,19,647,165,678,207
53,20,776,193,806,235
53,21,904,201,935,244
53,22,589,115,614,156
53,32,615,197,607,189
53,34,1863,1029,1895,1079
54,1,384,452,420,505
54,2,1701,363,1730,421
54,3,1104,480,1133,530
54,4,943,248,973,291
54,5,779,533,818,590
54,6,1198,383,1223,432
54,7,1656,483,1689,541
54,8,1355,762,1388,830
54,9,363,372,395,428
54,10,313,634,349,695
54,11,384,399,423,455
54,12,739,355,772,404
54,13,809,384,836,431
54,14,1108,299,1133,350
54,15,959,193,988,236
54,16,734,268,766,316
54,17,530,235,562,282
54,18,1507,277,1534,324
54,19,653,166,683,209
54,20,777,195,805,237
54,21,905,202,935,246
54,22,595,117,619,158
54,32,616,199,608,190
54,34,1862,1027,1896,1079
55,1,390,452,424,502
55,2,1704,363,1733,421
55,3,1103,480,1132,530
55,4,945,249,975,293
55,5,780,531,820,589
55,6,1202,383,1227,432
55,7,1657,484,1690,541
55,8,1358,760,1391,828
55,9,367,372,396,425
55,10,315,631,351,694
55,11,387,401,425,454
55,12,742,354,775,403
55,13,811,384,838,431
55,14,1114,299,1139,351
55,15,960,195,989,239
55,16,736,268,768,315
55,17,533,236,565,282
55,18,1510,279,1537,326
55,19,655,168,686,210
55,20,776,196,804,238
55,21,908,202,937,246
55,22,597,115,622,158
55,32,617,200,608,190
55,34,1863,1026,1897,1079
56,1,393,452,427,501
56,2,1706,365,1737,422
56,3,1102,481,1131,530
56,4,946,250,976,295
56,5,782,529,821,587
56,6,1206,384,1232,433
56,7,1657,485,1691,541
56,8,1361,758,1395,828
56,9,370,372,398,422
56,10,319,628,355,692
56,11,391,401,427,453
56,12,746,353,778,402
56,13,814,383,841,431
56,14,1119,300,1143,352
56,15,961,197,989,240
56,16,739,269,769,314
56,17,535,236,567,283
56,18,1515,281,1540,328
56,19,660,171,688,211
56,20,778,196,806,239
56,21,911,202,939,244
56,22,599,113,626,158
56,32,618,201,608,190
56,34,1865,1026,1899,1079
57,1,394,450,430,501
57,2,1711,367,1741,424
57,3,1104,482,1132,529
57,4,948,250,978,295
57,5,783,528,822,583
57,6,1210,385,1237,434
57,7,1660,486,1694,543
57,8,1364,757,1398,826
57,9,373,371,401,423
57,10,325,624,360,687
57,11,393,401,428,452
57,12,751,353,783,401
57,13,819,381,846,431
57,14,1126,301,1149,353
57,15,963,198,990,240
57,16,740,269,770,313
57,17,540,236,572,283
57,18,1517,284,1542,329
57,19,664,172,693,213
57,20,779,197,807,239
57,21,914,203,942,246
57,22,605,112,631,159
57,32,620,203,608,191
57,34,1867,1026,1900,1079
58,1,396,449,431,501
58,2,1714,369,1743,424
58,3,1105,482,1134,529
58,4,952,250,981,295
58,5,783,527,821,581
58,6,1214,386,1241,436
58,7,1660,488,1692,543
58,8,1367,757,1401,825
58,9,375,372,402,423
58,10,330,620,364,682
58,11,396,399,430,450
58,12,752,353,784,400
58,13,823,380,849,430
58,14,1132,301,1154,353
58,15,965,198,992,240
58,16,738,269,769,313
58,17,545,236,577,283
58,18,1519,284,1544,330
58,19,667,173,697,216
58,20,779,198,807,239
58,21,915,204,944,247
58,22,608,113,635,160
58,32,621,204,609,191
58,34,1868,1026,1901,1079
59,1,398,447,433,500
59,2,1718,370,1747,424
59,3,1107,482,1136,529
59,4,954,251,984,295
59,5,782,527,820,581
59,6,1218,387,1245,437
59,7,1662,488,1694,544
59,8,1371,758,1405,823
59,9,377,372,403,423
59,10,333,617,366,675
59,11,399,397,433,448
59,12,753,352,785,399
59,13,826,380,853,429
59,14,1137,302,1159,354
59,15,966,199,993,240
59,16,739,269,771,315
59,17,550,236,583,284
59,18,1521,286,1545,332
59,19,670,175,700,217
59,20,778,199,808,241
59,21,916,205,946,249
59,22,615,115,641,161
59,32,622,206,609,191
59,34,1868,1027,1900,1080
60,1,402,446,436,499
60,2,1721,371,1748,425
60,3,1106,483,1137,529
60,4,956,252,986,296
60,5,781,526,818,581
60,6,1222,388,1248,437
60,7,1664,489,1694,544
60,8,1374,757,1407,822
60,9,380,373,407,424
60,10,333,614,366,672
60,11,404,395,437,446
60,12,754,352,786,401
60,13,830,379,857,429
60,14,1141,302,1164,354
60,15,966,199,993,240
60,16,739,268,772,316
60,17,554,236,588,285
60,18,1525,286,1550,331
60,19,671,176,702,220
60,20,778,200,807,243
60,21,917,205,947,250
60,22,620,119,643,161
60,32,623,207,609,192
60,34,1868,1027,1900,1080
61,1,407,444,442,497
61,2,1724,372,1751,426
61,3,1105,484,1135,529
61,4,957,253,988,297
61,5,781,525,817,581
61,6,1224,389,1250,438
61,7,1665,489,1696,543
61,8,1374,757,1408,822
61,9,383,374,410,425
61,10,334,611,367,671
61,11,409,393,442,445
61,12,756,353,787,401
61,13,834,379,860,429
61,14,1146,303,1169,355
61,15,967,201,995,242
61,16,738,269,770,316
61,17,559,236,594,286
61,18,1527,285,1553,331
61,19,673,178,704,223
61,20,777,201,806,244
61,21,920,207,949,251
61,22,625,119,649,162
61,32,624,208,609,192
61,34,1867,1026,1898,1080
62,1,411,442,445,494
62,2,1726,372,1753,427
62,3,1103,484,1132,528
62,4,959,255,989,299
62,5,782,524,818,580
62,6,1227,388,1253,438
62,7,1667,489,1698,544
62,8,1374,756,1407,821
62,9,386,375,412,424
62,10,337,608,371,669
62,11,415,392,446,442
62,12,759,354,789,401
62,13,836,380,862,429
62,14,1152,305,1175,356
62,15,968,202,996,244
62,16,739,269,770,316
62,17,563,238,598,287
62,18,1529,286,1556,332
62,19,678,179,707,223
62,20,780,202,807,244
62,21,921,208,949,252
62,22,627,118,650,162
62,32,625,210,610,193
62,34,1866,1025,1897,1079
63,1,414,441,447,491
63,2,1727,373,1755,428
63,3,1102,483,1133,529
63,4,960,256,989,300
63,5,784,523,821,578
63,6,1231,388,1257,438
63,7,1668,489,1700,544
63,8,1376,754,1410,820
63,9,388,375,415,426
63,10,340,603,375,666
63,11,420,390,452,440
63,12,761,352,792,402
63,13,839,380,864,431
63,14,1158,305,1182,356
63,15,968,203,995,245
63,16,741,269,770,314
63,17,566,241,600,288
63,18,1532,288,1558,333
63,19,683,181,712,224
63,20,780,203,807,242
63,21,923,208,951,252
63,22,631,119,655,163
63,32,627,211,610,193
63,34,1865,1024,1896,1079
64,1,415,440,450,491
64,2,1729,373,1757,429
64,3,1103,482,1135,529
64,4,961,257,989,301
64,5,785,521,821,574
64,6,1236,387,1261,438
64,7,1668,489,1700,544
64,8,1379,752,1412,819
64,9,389,374,419,429
64,10,345,600,379,661
64,11,426,387,459,439
64,12,764,352,795,400
64,13,843,380,868,430
64,14,1164,306,1188,357
64,15,969,203,996,247
64,16,742,269,772,313
64,17,569,241,601,288
64,18,1534,290,1560,335
64,19,686,182,716,226
64,20,779,204,806,242
64,21,926,208,954,253
64,22,637,119,660,164
64,32,628,212,610,193
64,34,1864,1024,1896,1079
65,1,415,440,449,490
65,2,1730,375,1759,430
65,3,1104,481,1135,527
65,4,962,256,990,301
65,5,784,519,821,572
65,6,1238,388,1264,439
65,7,1669,490,1701,543
65,8,1381,750,1415,818
65,9,389,375,421,431
65,10,350,596,383,653
65,11,431,384,464,436
65,12,766,352,797,399
65,13,847,379,872,429
65,14,1169,306,1194,357
65,15,971,204,998,247
65,16,742,270,773,314
65,17,573,242,604,288
65,18,1536,291,1562,336
65,19,689,184,718,227
65,20,779,203,807,244
65,21,928,209,956,253
65,22,641,122,664,166
65,32,629,214,610,194
65,34,1864,1022,1896,1079
66,1,417,439,450,490
66,2,1732,377,1761,431
66,3,1103,478,1136,526
66,4,965,257,993,301
66,5,782,519,820,571
66,6,1240,388,1267,440
66,7,1667,491,1700,544
66,8,1383,748,1417,816
66,9,392,379,422,432
66,10,351,592,384,649
66,11,436,383,467,432
66,12,766,352,797,398
66,13,851,379,876,428
66,14,1175,308,1198,357
66,15,971,205,999,247
66,16,742,270,773,315
66,17,578,242,609,288
66,18,1538,293,1563,338
66,19,691,187,720,230
66,20,778,205,806,246
66,21,927,210,955,255
66,22,644,129,664,168
66,32,630,215,611,194
66,34,1861,1021,1894,1078
67,1,420,437,454,489
67,2,1735,379,1762,432
67,3,1097,477,1130,527
67,4,967,259,995,302
67,5,778,519,816,571
67,6,1243,390,1270,440
67,7,1666,492,1699,545
67,8,1385,747,1419,813
67,9,395,381,424,432
67,10,353,590,385,648
67,11,440,382,470,429
67,12,767,353,798,399
67,13,853,379,878,425
67,14,1179,308,1202,358
67,15,971,206,997,247
67,16,741,273,771,317
67,17,583,243,615,289
67,18,1539,294,1563,339
67,19,692,189,721,232
67,20,778,205,805,247
67,21,928,212,956,256
67,22,646,134,665,170
67,32,631,216,611,195
67,34,1860,1021,1891,1077
68,1,424,436,458,488
68,2,1737,380,1764,433
68,3,1095,477,1127,526
68,4,968,260,996,303
68,5,774,519,813,571
68,6,1246,392,1272,441
68,7,1665,493,1698,547
68,8,1387,746,1420,811
68,9,397,380,426,432
68,10,354,588,386,647
68,11,444,380,472,427
68,12,767,353,800,401
68,13,856,379,882,426
68,14,1183,308,1206,358
68,15,970,207,997,249
68,16,740,273,769,318
68,17,588,243,620,291
68,18,1540,294,1564,339
68,19,694,190,722,234
68,20,778,207,805,248
68,21,929,215,955,258
68,22,649,131,669,170
68,34,1858,1021,1889,1077
69,1,428,433,462,484
69,2,1738,381,1764,434
69,3,1094,476,1126,525
69,4,968,262,997,305
69,5,772,516,812,571
69,6,1248,392,1274,441
69,7,1663,491,1696,548
69,8,1388,747,1421,810
69,9,398,380,427,432
69,10,357,584,389,644
69,11,446,378,475,428
69,12,767,352,800,401
69,13,859,379,884,426
69,14,1188,309,1211,359
69,15,970,209,997,252
69,16,740,273,769,318
69,17,591,244,624,292
69,18,1542,294,1566,340
69,19,696,190,724,234
69,20,778,207,805,248
69,21,929,216,955,259
69,22,653,131,673,170
69,34,1857,1020,1888,1076
70,1,430,432,464,481
70,2,1739,380,1765,434
70,3,1094,475,1126,525
70,4,968,263,998,307
70,5,771,514,812,569
70,6,1249,393,1273,441
70,7,1663,489,1697,548
70,8,1389,746,1419,808
70,9,401,378,428,429
70,10,361,580,392,639
70,11,451,376,479,425
70,12,767,353,799,401
70,13,860,379,885,426
70,14,1193,309,1216,359
70,15,969,210,996,253
70,16,741,272,769,316
70,17,593,246,627,293
70,18,1542,294,1567,342
70,19,697,192,725,235
70,20,776,208,804,248
70,21,931,216,955,258
70,22,655,128,678,171
70,34,1856,1020,1887,1076
71,1,430,431,464,481
71,2,1739,380,1765,435
71,3,1093,474,1125,523
71,4,969,264,998,308
71,5,771,513,813,567
71,6,1250,392,1274,441
71,7,1664,489,1697,548
71,8,1388,744,1419,807
71,9,403,378,429,426
71,10,364,577,395,634
71,11,455,374,483,422
71,12,768,352,800,401
71,13,861,378,887,427
71,14,1193,310,1216,361
71,15,968,211,994,254
71,16,739,272,768,315
71,17,596,247,629,295
71,18,1543,296,1568,342
71,19,696,193,725,237
71,20,776,210,803,250
71,21,932,217,956,259
71,22,657,128,679,171
71,34,1855,1019,1886,1076
72,1,430,431,463,480
72,2,1739,381,1766,436
72,3,1091,474,1124,522
72,4,970,266,997,309
72,5,772,512,813,564
72,6,1253,393,1277,441
72,7,1664,491,1696,546
72,8,1389,742,1420,806
72,9,405,377,432,425
72,10,366,574,396,629
72,11,457,372,484,418
72,12,770,351,801,400
72,13,863,376,889,427
72,14,1195,311,1219,362
72,15,967,212,994,254
72,16,737,272,767,314
72,17,596,250,628,295
72,18,1544,297,1570,343
72,19,695,194,724,239
72,20,773,211,800,252
72,21,933,217,958,260
72,22,660,128,682,172
72,34,1854,1019,1886,1076
73,1,429,430,461,480
73,2,1740,381,1768,436
73,3,1088,473,1120,522
73,4,970,267,997,310
73,5,770,511,812,563
73,6,1256,393,1279,441
73,7,1661,491,1692,545
73,8,1391,740,1421,805
73,9,406,376,434,425
73,10,364,571,394,627
73,11,461,370,488,416
73,12,770,350,801,398
73,13,865,375,891,425
73,14,1198,310,1222,362
73,15,966,213,992,254
73,16,735,272,766,315
73,17,596,250,628,295
73,18,1545,298,1571,345
73,19,697,196,725,240
73,20,772,211,798,252
73,21,930,218,955,260
73,22,663,129,686,173
73,34,1847,1012,1886,1079
74,1,429,429,461,479
74,2,1741,382,1769,437
74,3,1084,473,1116,522
74,4,971,266,997,309
74,5,767,511,809,563
74,6,1256,393,1280,441
74,7,1657,491,1688,545
74,8,1390,738,1421,803
74,9,406,374,434,425
74,10,363,568,394,625
74,11,464,369,490,414
74,12,768,351,799,396
74,13,866,373,892,425
74,14,1202,311,1226,362
74,15,966,216,991,253
74,16,731,271,761,316
74,17,595,250,627,295
74,18,1546,300,1571,346
74,19,698,198,725,241
74,20,770,211,796,252
74,21,927,219,952,261
74,22,666,129,689,173
74,34,1844,1010,1884,1079
75,1,429,428,462,480
75,2,1742,384,1770,437
75,3,1079,473,1110,523
75,4,969,266,997,311
75,5,762,511,803,562
75,6,1256,394,1280,441
75,7,1655,492,1685,546
75,8,1389,736,1421,802
75,9,405,373,433,424
75,10,364,564,395,624
75,11,466,368,492,413
75,12,767,351,797,397
75,13,866,372,892,423
75,14,1204,312,1229,362
75,15,962,217,988,255
75,16,730,272,759,317
75,17,596,250,628,295
75,18,1545,302,1570,346
75,19,696,199,722,242
75,20,767,210,794,250
75,21,925,221,950,263
75,22,669,130,692,174
75,34,1840,1010,1879,1077
76,1,431,426,463,478
76,2,1743,385,1770,438
76,3,1076,472,1108,523
76,4,968,267,996,311
76,5,759,510,800,562
76,6,1256,395,1281,442
76,7,1656,493,1685,547
76,8,1388,735,1421,800
76,9,405,371,433,423
76,10,364,561,396,622
76,11,468,366,493,410
76,12,766,352,796,398
76,13,868,372,893,421
76,14,1207,313,1232,362
76,15,959,217,984,257
76,16,727,271,756,317
76,17,597,251,630,296
76,18,1544,302,1568,346
76,19,695,201,722,243
76,20,763,210,789,249
76,21,926,222,949,264
76,22,673,130,696,175
76,34,1839,1009,1877,1076
76,36,12,336,29,390
77,1,431,424,462,474
77,2,1743,386,1770,439
77,3,1075,471,1106,520
77,4,967,268,996,312
77,5,759,508,800,560
77,6,1258,396,1282,442
77,7,1657,493,1685,547
77,8,1390,735,1422,798
77,9,406,369,434,419
77,10,366,559,397,615
77,11,469,364,493,405
77,12,766,352,795,398
77,13,868,372,892,420
77,14,1210,313,1235,363
77,15,957,218,982,258
77,16,727,271,755,316
77,17,599,251,632,296
77,18,1544,302,1568,348
77,19,696,203,723,244
77,20,760,211,787,250
77,21,926,223,948,264
77,22,676,130,699,176
77,34,1837,1008,1876,1076
77,36,20,336,37,390
78,1,430,423,461,472
78,2,1744,387,1770,439
78,3,1072,470,1103,518
78,4,967,269,996,313
78,5,761,506,801,558
78,6,1258,397,1282,442
78,7,1656,494,1684,547
78,8,1391,735,1422,798
78,9,407,368,435,417
78,10,366,556,395,609
78,11,472,363,496,402
78,12,764,351,793,398
78,13,869,372,892,420
78,14,1213,313,1238,364
78,15,957,218,981,258
78,16,727,271,755,314
78,17,599,251,633,296
78,18,1545,302,1569,348
78,19,696,204,723,245
78,20,759,212,785,251
78,21,927,224,949,265
78,22,679,131,702,176
78,34,1835,1010,1872,1076
78,36,27,335,44,390
79,1,429,423,461,471
79,2,1746,387,1772,439
79,3,1068,469,1099,517
79,4,968,271,995,313
79,5,760,505,800,555
79,6,1258,397,1282,443
79,7,1656,493,1684,547
79,8,1390,735,1421,797
79,9,406,367,434,415
79,10,364,553,393,606
79,11,468,360,494,402
79,12,764,350,792,397
79,13,869,370,892,418
79,14,1217,313,1241,364
79,15,955,217,981,257
79,16,723,270,752,314
79,17,599,252,633,297
79,18,1546,301,1570,348
79,19,694,205,722,246
79,20,757,212,783,251
79,21,926,223,949,265
79,22,682,131,706,177
79,34,1834,1010,1870,1076
79,36,33,335,50,390
80,1,428,423,460,470
80,2,1747,386,1773,439
80,3,1065,469,1095,517
80,4,967,270,993,312
80,5,759,504,798,553
80,6,1259,397,1282,443
80,7,1657,492,1685,546
80,8,1389,734,1420,796
80,9,404,365,433,414
80,10,360,550,390,605
80,11,469,357,495,400
80,12,764,349,792,396
80,13,871,368,894,416
80,14,1221,314,1244,363
80,15,955,217,980,256
80,16,719,271,749,314
80,17,598,252,633,297
80,18,1547,301,1572,347
80,19,696,206,723,247
80,20,754,211,780,251
80,21,925,223,949,264
80,22,685,132,709,178
80,34,1832,1009,1868,1076
80,36,39,335,56,390
81,1,427,422,458,470
81,2,1748,386,1775,439
81,3,1060,468,1089,517
81,4,967,269,992,312
81,5,754,503,794,552
81,6,1261,396,1283,442
81,7,1657,491,1686,546
81,8,1389,732,1420,796
81,9,404,363,434,414
81,10,357,548,387,603
81,11,468,353,496,397
81,12,763,348,792,394
81,13,872,367,895,414
81,14,1224,313,1246,363
81,15,953,216,978,255
81,16,716,271,746,315
81,17,596,253,629,297
81,18,1548,301,1573,347
81,19,695,205,722,248
81,20,751,211,778,249
81,21,923,223,948,265
81,22,689,132,713,179
81,34,1833,1008,1871,1077
81,36,43,333,61,388
82,1,423,420,455,470
82,2,1750,386,1777,440
82,3,1055,468,1085,516
82,4,968,269,994,313
82,5,749,503,790,553
82,6,1262,395,1286,442
82,7,1656,491,1685,545
82,8,1390,730,1421,796
82,9,405,361,435,414
82,10,358,544,388,601
82,11,465,351,493,395
82,12,760,347,789,393
82,13,872,366,896,413
82,14,1227,313,1249,363
82,15,951,217,976,254
82,16,715,271,744,315
82,17,594,253,627,297
82,18,1549,303,1574,348
82,19,694,205,721,248
82,20,748,211,775,249
82,21,922,223,948,265
82,22,692,133,716,180
82,34,1833,1007,1871,1077
82,36,48,333,66,387
83,1,421,417,453,468
83,2,1752,386,1780,440
83,3,1054,466,1084,515
83,4,968,269,993,312
83,5,745,502,786,552
83,6,1264,394,1288,442
83,7,1656,491,1686,544
83,8,1391,728,1423,795
83,9,409,359,436,410
83,10,360,541,390,598
83,11,463,349,492,391
83,12,757,346,787,392
83,13,873,364,897,411
83,14,1230,313,1252,363
83,15,950,218,975,255
83,16,713,271,741,315
83,17,595,253,627,296
83,18,1550,303,1576,349
83,19,693,205,720,248
83,20,744,211,772,250
83,21,921,224,947,265
83,22,695,133,719,180
83,34,1833,1007,1871,1075
83,36,53,333,71,386
84,1,422,415,453,467
84,2,1756,388,1783,441
84,3,1052,465,1082,513
84,4,967,268,993,312
84,5,742,500,783,552
84,6,1266,393,1291,442
84,7,1657,492,1687,544
84,8,1393,727,1425,794
84,9,411,354,438,405
84,10,361,538,390,592
84,11,463,348,491,388
84,12,756,347,787,393
84,13,875,363,898,410
84,14,1233,312,1254,362
84,15,949,218,973,255
84,16,712,270,739,313
84,17,596,251,629,294
84,18,1553,304,1578,349
84,19,692,205,719,248
84,20,741,210,768,249
84,21,919,224,944,265
84,22,666,127,688,171
84,34,1833,1007,1871,1073
84,36,58,331,77,385
85,1,422,413,453,464
85,2,1759,388,1786,441
85,3,1050,464,1080,511
85,4,967,268,993,311
85,5,741,498,783,552
85,6,1267,393,1293,442
85,7,1659,492,1689,544
85,8,1395,726,1427,792
85,9,413,351,439,402
85,10,361,535,389,586
85,11,463,346,492,389
85,12,755,346,784,391
85,13,876,362,900,409
85,14,1235,312,1257,362
85,15,943,216,969,257
85,16,710,269,737,312
85,17,599,250,631,293
85,18,1554,304,1578,348
85,19,691,206,717,248
85,20,738,208,765,249
85,21,919,223,942,264
85,22,666,124,689,170
85,34,1833,1007,1870,1073
85,36,62,331,82,384
86,1,421,411,451,460
86,2,1761,387,1788,442
86,3,1046,463,1077,512
86,4,966,268,993,311
86,5,741,496,781,550
86,6,1269,394,1295,442
86,7,1659,492,1689,546
86,8,1397,726,1428,791
86,9,413,349,439,399
86,10,358,533,386,584
86,11,463,343,492,386
86,12,752,345,782,390
86,13,877,360,900,408
86,14,1238,312,1260,362
86,15,941,217,968,257
86,16,707,265,736,309
86,17,599,249,631,291
86,18,1556,303,1579,347
86,19,692,207,717,249
86,20,736,207,764,249
86,21,918,223,941,262
86,22,667,124,690,170
86,34,1832,1007,1869,1072
86,36,67,332,88,384
87,1,421,410,451,458
87,2,1764,387,1790,442
87,3,1044,463,1074,511
87,4,968,268,994,311
87,5,741,495,780,546
87,6,1271,395,1296,442
87,7,1659,492,1688,546
87,8,1399,726,1430,789
87,9,414,348,439,397
87,10,356,530,385,584
87,11,463,339,493,384
87,12,751,343,781,391
87,13,878,359,902,409
87,14,1242,312,1265,362
87,15,941,217,967,257
87,16,704,264,734,308
87,17,600,249,632,290
87,18,1558,303,1582,348
87,19,688,208,714,250
87,20,734,206,761,246
87,21,916,223,940,263
87,22,668,123,691,170
87,34,1833,1009,1869,1074
87,36,72,330,93,384
88,1,419,409,449,458
88,2,1767,388,1793,442
88,3,1039,463,1068,511
88,4,969,268,994,311
88,5,740,495,777,544
88,6,1271,395,1296,441
88,7,1660,491,1689,546
88,8,1399,726,1429,789
88,9,416,346,441,395
88,10,356,527,385,583
88,11,461,337,490,380
88,12,751,342,782,390
88,13,880,357,903,407
88,14,1246,312,1269,362
88,15,939,217,965,256
88,16,702,263,733,308
88,17,600,249,633,291
88,18,1560,302,1583,348
88,19,687,208,714,250
88,20,730,205,757,244
88,21,914,223,938,264
88,22,667,125,689,169
88,34,1833,1009,1869,1076
88,36,78,331,98,382
89,1,419,408,449,457
89,2,1771,389,1795,442
89,3,1036,462,1066,511
89,4,969,269,994,312
89,5,737,494,773,543
89,6,1272,394,1296,441
89,7,1661,490,1690,546
89,8,1400,726,1429,788
89,9,417,343,442,393
89,10,356,523,386,579
89,11,459,335,489,377
89,12,752,341,782,389
89,13,881,355,905,406
89,14,1250,312,1274,362
89,15,936,217,963,257
89,16,701,262,732,307
89,17,600,249,634,291
89,18,1561,302,1586,348
89,19,686,208,714,250
89,20,728,205,755,244
89,21,912,223,936,264
89,22,668,127,687,168
89,34,1834,1008,1869,1076
89,36,83,329,104,381
90,1,418,407,448,455
90,2,1773,388,1797,441
90,3,1035,460,1064,510
90,4,970,268,994,311
90,5,735,494,771,542
90,6,1274,393,1298,440
90,7,1662,489,1692,545
90,8,1401,724,1430,788
90,9,418,341,443,391
90,10,357,519,386,573
90,11,458,332,489,376
90,12,751,340,781,387
90,13,883,353,906,402
90,14,1254,311,1278,361
90,15,935,218,962,256
90,16,700,261,729,307
90,17,599,249,633,290
90,18,1563,302,1588,348
90,19,686,208,714,250
90,20,726,206,752,244
90,21,913,223,938,264
90,22,669,126,688,166
90,34,1835,1007,1870,1076
90,36,87,329,108,379
91,1,418,405,447,454
91,2,1775,388,1801,442
91,3,1033,459,1063,508
91,4,972,268,996,311
91,5,732,493,767,542
91,6,1277,393,1300,440
91,7,1662,489,1692,544
91,8,1403,722,1433,788
91,9,419,340,444,389
91,10,358,516,386,568
91,11,456,331,487,374
91,12,749,339,779,386
91,13,885,352,908,401
91,14,1258,311,1282,361
91,15,935,217,960,257
91,16,699,260,728,306
91,17,598,249,632,291
91,18,1566,303,1591,349
91,19,686,209,714,251
91,20,724,205,749,244
91,21,913,223,937,265
91,22,670,126,689,166
91,34,1834,1006,1871,1077
91,36,92,327,113,378
92,1,417,404,447,452
92,2,1779,388,1806,443
92,3,1030,458,1061,508
92,4,972,268,996,311
92,5,731,491,767,542
92,6,1279,393,1303,441
92,7,1662,489,1693,544
92,8,1405,721,1435,787
92,9,422,338,447,386
92,10,357,513,385,564
92,11,458,328,490,374
92,12,748,339,778,387
92,13,888,352,910,398
92,14,1262,311,1285,361
92,15,934,217,959,258
92,16,700,259,728,305
92,17,596,249,630,290
92,18,1569,304,1594,349
92,19,685,209,714,252
92,20,722,205,748,244
92,21,914,223,937,265
92,22,670,126,689,165
92,34,1835,1006,1872,1077
92,36,98,326,118,377
93,1,419,402,450,454
93,2,1783,389,1810,443
93,3,1027,457,1057,508
93,4,971,268,997,310
93,5,731,490,766,542
93,6,1282,392,1305,439
93,7,1663,490,1695,544
93,8,1406,720,1436,786
93,9,424,337,448,383
93,10,356,511,384,564
93,11,460,325,491,370
93,12,747,340,776,387
93,13,890,351,912,397
93,14,1266,310,1289,361
93,15,932,217,959,259
93,16,698,258,726,304
93,17,596,249,629,289
93,18,1571,305,1595,350
93,19,690,210,718,252
93,20,721,204,746,242
93,21,915,223,937,263
93,22,671,128,689,165
93,34,1836,1007,1873,1076
93,36,104,324,124,376
94,1,419,400,451,453
94,2,1787,390,1814,443
94,3,1024,457,1055,508
94,4,972,268,998,311
94,5,730,488,765,540
94,6,1285,392,1308,438
94,7,1665,490,1697,544
94,8,1408,719,1439,784
94,9,426,336,450,380
94,10,355,509,384,564
94,11,461,323,490,366
94,12,747,340,775,387
94,13,892,349,913,396
94,14,1270,311,1292,360
94,15,932,215,959,258
94,16,697,258,725,302
94,17,597,249,630,289
94,18,1572,305,1597,350
94,19,691,210,719,252
94,20,719,204,745,242
94,21,916,222,938,262
94,22,671,127,690,165
94,34,1836,1008,1873,1075
94,36,108,325,128,376
95,1,419,399,450,450
95,2,1791,390,1817,443
95,3,1019,457,1049,509
95,4,973,269,998,312
95,5,728,487,763,537
95,6,1283,393,1309,444
95,7,1666,490,1697,544
95,8,1410,720,1441,783
95,9,428,336,452,378
95,10,354,506,384,562
95,11,460,321,489,362
95,12,745,339,773,387
95,13,893,347,915,395
95,14,1273,311,1295,360
95,15,931,215,958,258
95,16,695,258,723,302
95,17,598,248,629,286
95,18,1574,306,1599,350
95,19,691,211,718,253
95,20,714,204,740,241
95,21,915,222,938,263
95,22,671,125,690,164
95,34,1837,1009,1873,1074
95,36,114,324,134,375
96,1,418,397,449,447
96,2,1794,391,1819,444
96,3,1017,455,1046,507
96,4,972,270,998,312
96,5,724,485,760,536
96,6,1284,393,1309,445
96,7,1664,489,1696,547
96,8,1412,720,1443,782
96,9,431,335,454,377
96,10,356,503,384,557
96,11,459,320,487,360
96,12,744,338,772,386
96,13,895,345,917,394
96,14,1276,311,1297,360
96,15,929,214,956,256
96,16,694,259,721,302
96,17,597,247,628,285
96,18,1576,303,1601,349
96,19,691,212,717,253
96,20,711,205,736,243
96,21,912,222,936,264
96,22,671,122,691,163
96,34,1838,1010,1873,1074
96,36,119,324,138,375
97,1,418,397,450,446
97,2,1797,391,1822,443
97,3,1016,454,1044,504
97,4,973,269,997,312
97,5,723,485,758,534
97,6,1284,393,1309,444
97,7,1665,489,1695,545
97,8,1413,720,1443,781
97,9,433,333,457,376
97,10,357,499,384,551
97,11,458,317,488,360
97,12,744,338,772,385
97,13,896,343,919,393
97,14,1278,311,1299,360
97,15,927,214,952,255
97,16,692,258,718,301
97,17,596,247,628,286
97,18,1577,302,1602,349
97,19,691,212,716,254
97,20,708,205,733,243
97,21,910,223,934,264
97,22,672,121,692,163
97,34,1839,1010,1873,1074
97,36,124,323,143,374
98,1,418,396,450,446
98,2,1800,391,1824,443
98,3,1012,452,1041,502
98,4,972,268,996,311
98,5,718,485,754,535
98,6,1285,392,1308,443
98,7,1666,488,1696,544
98,8,1412,720,1441,780
98,9,436,331,460,374
98,10,357,496,384,548
98,11,457,314,488,360
98,12,742,337,771,383
98,13,898,341,920,392
98,14,1280,311,1302,360
98,15,925,215,949,256
98,16,691,258,716,301
98,17,595,246,627,285
98,18,1578,302,1603,349
98,19,690,213,715,256
98,20,705,201,732,242
98,21,908,223,933,266
98,22,673,121,692,160
98,34,1838,1009,1872,1075
98,36,128,323,147,374
99,1,416,396,448,445
99,2,1801,390,1826,444
99,3,1008,451,1038,501
99,4,973,267,997,310
99,5,714,484,750,534
99,6,1285,391,1308,441
99,7,1667,488,1696,543
99,8,1411,718,1441,780
99,9,439,330,462,372
99,10,356,494,383,545
99,11,458,313,488,357
99,12,739,337,768,381
99,13,899,340,922,390
99,14,1283,311,1304,360
99,15,921,217,945,259
99,16,689,256,715,300
99,17,597,246,628,285
99,18,1580,302,1605,348
99,19,692,214,718,257
99,20,703,202,731,244
99,21,909,222,934,266
99,22,674,121,693,159
99,34,1839,1008,1872,1075
99,36,133,323,152,373
100,1,415,394,447,444
100,2,1802,390,1827,444
100,3,1005,451,1035,501
100,4,974,267,999,311
100,5,711,482,747,534
100,6,1288,391,1310,440
100,7,1666,487,1697,543
100,8,1412,716,1442,780
100,9,442,329,464,370
100,10,355,492,383,544
100,11,457,311,487,355
100,12,738,337,767,383
100,13,901,338,924,389
100,14,1286,311,1308,359
100,15,920,216,945,259
100,16,687,254,714,297
100,17,598,246,628,284
100,18,1581,303,1607,349
100,19,691,212,719,259
100,20,700,202,730,248
100,21,909,221,934,266
100,22,675,122,693,159
100,34,1837,1007,1872,1076
100,36,137,322,157,372
101,1,414,392,445,443
101,2,1803,390,1829,444
101,3,1002,450,1031,501
101,4,974,266,998,309
101,5,709,479,746,533
101,6,1289,391,1312,439
101,7,1665,487,1696,542
101,8,1412,713,1444,780
101,9,447,327,469,368
101,10,352,489,381,542
101,11,457,310,484,351
101,12,735,337,764,383
101,13,902,336,925,388
101,14,1289,311,1312,359
101,15,921,216,945,258
101,16,686,252,713,295
101,17,599,245,630,284
101,18,1583,304,1609,349
101,19,690,213,718,258
101,20,697,201,728,249
101,21,910,221,935,265
101,22,676,123,694,159
101,34,1836,1006,1872,1076
101,36,141,322,160,372
102,1,414,391,445,442
102,2,1805,390,1831,444
102,3,997,450,1026,501
102,4,973,267,997,308
102,5,708,479,744,532
102,6,1289,391,1312,438
102,7,1665,488,1696,542
102,8,1413,712,1445,779
102,9,450,325,473,367
102,10,352,485,380,541
102,11,454,309,483,353
102,12,733,337,761,383
102,13,904,335,927,387
102,14,1292,311,1315,360
102,15,915,216,942,262
102,16,683,250,712,294
102,17,599,244,631,284
102,18,1584,305,1609,349
102,19,687,206,718,255
102,20,695,201,726,249
102,21,910,221,934,266
102,22,677,124,694,159
102,34,1835,1006,1871,1075
102,36,145,322,165,372
103,1,415,390,446,442
103,2,1808,392,1835,446
103,3,994,449,1023,500
103,4,973,269,997,310
103,5,708,478,743,530
103,6,1289,391,1314,440
103,7,1666,489,1697,543
103,8,1413,712,1445,779
103,9,454,322,477,365
103,10,352,483,381,539
103,11,454,308,485,356
103,12,729,337,757,383
103,13,905,333,928,385
103,14,1295,312,1318,360
103,15,908,215,937,265
103,16,682,251,710,295
103,17,599,245,631,285
103,18,1585,306,1609,350
103,19,685,203,716,254
103,20,692,200,724,250
103,21,909,221,934,266
103,22,677,124,695,159
103,34,1835,1007,1870,1075
103,36,149,323,168,372
104,1,415,389,445,439
104,2,1810,392,1838,446
104,3,992,448,1020,497
104,4,973,269,997,311
104,5,705,476,740,527
104,6,1290,392,1315,440
104,7,1665,490,1696,543
104,8,1413,710,1445,777
104,9,455,316,480,363
104,10,352,479,380,533
104,11,453,306,485,355
104,12,728,335,756,380
104,13,904,335,925,384
104,14,1296,311,1320,360
104,15,904,215,933,266
104,16,680,250,706,294
104,17,598,244,631,285
104,18,1585,305,1609,349
104,19,683,201,715,254
104,20,689,200,721,250
104,21,909,220,934,266
104,22,676,123,694,158
104,34,1835,1007,1869,1074
104,36,153,323,172,371
105,1,412,386,441,434
105,2,1811,390,1839,444
105,3,985,444,1013,493
105,4,972,266,996,309
105,5,700,473,735,523
105,6,1289,390,1313,437
105,7,1662,486,1692,540
105,8,1412,708,1443,772
105,9,455,314,480,358
105,10,350,474,376,525
105,11,453,304,484,354
105,12,726,332,753,376
105,13,905,334,927,382
105,14,1298,308,1321,357
105,15,901,213,930,265
105,16,676,249,701,291
105,17,595,242,630,283
105,18,1584,302,1607,347
105,19,679,197,712,253
105,20,686,200,719,250
105,21,908,220,933,266
105,22,675,119,694,155
105,34,1833,1005,1867,1071
105,36,154,320,174,369
106,1,410,384,438,431
106,2,1812,388,1840,442
106,3,979,442,1008,491
106,4,970,264,993,307
106,5,694,472,729,522
106,6,1288,388,1312,435
106,7,1659,483,1689,539
106,8,1412,706,1442,770
106,9,457,312,481,355
106,10,347,470,373,522
106,11,446,297,475,343
106,12,722,327,751,373
106,13,903,330,924,377
106,14,1299,305,1321,355
106,15,899,212,928,264
106,16,672,246,699,289
106,17,591,240,626,282
106,18,1584,299,1607,344
106,19,673,194,707,254
106,20,684,199,717,251
106,21,908,220,933,266
106,22,673,116,692,153
106,34,1832,1003,1866,1070
106,36,156,319,175,365
107,1,409,384,436,431
107,2,1814,388,1841,442
107,3,974,441,1004,492
107,4,970,263,993,306
107,5,690,471,724,522
107,6,1286,387,1311,437
107,7,1659,483,1690,539
107,8,1411,706,1441,768
107,9,460,313,483,354
107,10,345,468,372,521
107,11,445,297,472,340
107,12,718,327,746,372
107,13,904,328,925,375
107,14,1300,305,1323,355
107,15,898,212,927,264
107,16,671,245,698,288
107,17,587,241,621,282
107,18,1585,299,1608,345
107,19,668,194,703,255
107,20,681,199,715,251
107,21,907,220,933,266
107,22,672,115,693,153
107,34,1832,1003,1865,1071
107,36,159,318,179,364
108,1,407,383,434,430
108,2,1816,388,1843,441
108,3,970,441,1000,492
108,4,970,262,993,305
108,5,687,470,721,521
108,6,1285,387,1309,437
108,7,1658,481,1689,538
108,8,1410,704,1439,767
108,9,463,313,487,353
108,10,345,466,371,519
108,11,446,298,470,337
108,12,715,328,743,372
108,13,904,327,925,372
108,14,1303,306,1324,356
108,15,895,210,924,264
108,16,668,244,694,285
108,17,582,240,617,282
108,18,1585,299,1609,345
108,19,665,196,699,256
108,20,667,209,699,261
108,21,907,220,932,267
108,22,673,115,694,153
108,34,1831,1002,1864,1070
108,36,162,316,182,363
109,1,406,384,432,429
109,2,1816,388,1843,442
109,3,965,440,993,491
109,4,969,262,992,306
109,5,684,469,717,521
109,6,1284,385,1309,438
109,7,1656,480,1687,537
109,8,1409,703,1437,766
109,9,465,313,489,353
109,10,344,463,370,517
109,11,446,298,470,336
109,12,712,328,739,373
109,13,905,326,926,371
109,14,1304,306,1325,356
109,15,892,210,920,263
109,16,664,244,689,284
109,17,579,240,614,283
109,18,1585,300,1610,346
109,19,663,195,698,256
109,20,665,212,696,262
109,21,906,220,932,267
109,22,672,115,693,153
109,34,1827,1002,1861,1072
109,36,164,315,185,363
110,1,401,384,428,429
110,2,1818,387,1844,442
110,3,958,440,986,491
110,4,964,264,987,307
110,5,678,469,711,522
110,6,1282,387,1306,436
110,7,1650,481,1681,537
110,8,1405,702,1434,766
110,9,463,314,488,354
110,10,341,462,367,516
110,11,443,298,466,335
110,12,709,327,736,372
110,13,899,327,919,370
110,14,1300,306,1322,357
110,15,884,211,910,260
110,16,657,246,682,285
110,17,578,243,610,283
110,18,1582,300,1607,347
110,19,662,194,696,256
110,20,661,212,693,263
110,21,893,220,918,267
110,22,669,116,690,154
110,34,1822,1002,1856,1072
110,36,168,314,188,362
111,1,395,381,423,428
111,2,1810,387,1836,442
111,3,951,438,979,488
111,4,960,263,983,305
111,5,673,466,706,519
111,6,1278,386,1302,435
111,7,1645,480,1677,535
111,8,1401,699,1430,765
111,9,460,312,487,353
111,10,336,459,361,508
111,11,440,296,462,332
111,12,699,327,726,372
111,13,895,324,915,367
111,14,1297,306,1318,356
111,15,876,210,899,255
111,16,649,245,673,285
111,17,573,242,606,281
111,18,1578,299,1603,347
111,19,660,193,695,257
111,20,658,213,690,264
111,21,887,221,911,265
111,22,668,115,689,153
111,34,1818,999,1853,1071
111,36,162,313,184,362
112,1,392,378,422,426
112,2,1809,386,1835,441
112,3,946,435,974,483
112,4,959,262,982,303
112,5,671,465,703,515
112,6,1277,385,1301,433
112,7,1644,479,1676,533
112,8,1401,697,1430,761
112,9,461,308,488,350
112,10,333,455,358,504
112,11,441,295,463,330
112,12,696,325,723,370
112,13,896,321,915,365
112,14,1298,304,1319,354
112,15,873,211,895,255
112,16,645,242,669,282
112,17,572,240,605,280
112,18,1578,298,1601,344
112,19,658,192,694,257
112,20,650,212,678,260
112,21,885,220,909,263
112,22,664,113,685,151
112,34,1817,998,1853,1069
112,36,164,312,186,360
113,1,388,378,420,426
113,2,1807,387,1834,441
113,3,940,435,969,482
113,4,957,263,980,305
113,5,666,464,698,513
113,6,1276,385,1300,433
113,7,1642,479,1673,534
113,8,1399,697,1429,761
113,9,461,306,488,350
113,10,331,453,357,503
113,11,440,294,462,329
113,12,693,324,721,371
113,13,895,319,915,364
113,14,1298,304,1320,354
113,15,870,210,891,255
113,16,641,240,666,283
113,17,570,241,602,280
113,18,1575,297,1599,345
113,19,656,192,693,257
113,20,645,214,673,262
113,21,883,220,907,264
113,22,663,113,684,150
113,34,1816,999,1852,1070
113,36,167,311,189,359
114,1,385,378,417,426
114,2,1806,387,1833,441
114,3,934,434,963,483
114,4,955,263,978,305
114,5,661,464,694,513
114,6,1275,387,1299,434
114,7,1638,480,1668,535
114,8,1398,697,1428,759
114,9,460,306,487,349
114,10,328,452,355,502
114,11,437,294,460,329
114,12,690,323,718,370
114,13,894,319,914,364
114,14,1299,305,1321,354
114,15,867,210,886,251
114,16,636,240,662,283
114,17,567,241,598,281
114,18,1574,297,1597,347
114,19,654,191,691,258
114,20,640,216,669,264
114,21,880,220,904,264
114,22,663,112,683,149
114,34,1817,998,1852,1067
114,36,168,312,190,360
115,1,381,377,415,426
115,2,1806,387,1834,441
115,3,927,434,956,483
115,4,954,262,977,305
115,5,656,464,689,513
115,6,1273,387,1297,433
115,7,1635,479,1665,533
115,8,1397,697,1427,758
115,9,458,304,485,348
115,10,324,448,353,499
115,11,435,293,458,328
115,12,685,322,713,367
115,13,892,318,913,363
115,14,1299,304,1322,354
115,15,863,209,881,248
115,16,631,239,657,281
115,17,563,240,594,280
115,18,1572,296,1596,347
115,19,652,190,690,258
115,20,639,218,667,264
115,21,876,220,901,265
115,22,662,111,683,149
115,34,1817,998,1850,1064
115,36,169,312,191,360
115,42,623,192,652,230
116,1,376,376,410,427
116,2,1805,388,1834,442
116,3,921,433,949,483
116,4,953,262,976,305
116,5,649,464,683,514
116,6,1271,387,1294,433
116,7,1633,478,1662,534
116,8,1395,697,1424,757
116,9,457,305,484,349
116,10,320,446,348,495
116,11,434,293,458,328
116,12,680,323,708,367
116,13,890,317,912,362
116,14,1299,304,1322,354
116,15,858,209,878,252
116,16,627,241,653,281
116,17,559,240,591,280
116,18,1570,296,1593,344
116,19,651,189,689,258
116,20,635,219,662,265
116,21,874,221,898,265
116,22,661,111,682,148
116,34,1816,997,1848,1063
116,36,170,313,192,361
116,42,618,192,646,230
117,1,373,377,405,426
117,2,1806,389,1835,443
117,3,916,433,945,484
117,4,952,262,974,304
117,5,643,465,677,515
117,6,1268,388,1291,434
117,7,1631,479,1660,534
117,8,1392,697,1421,758
117,9,457,306,483,349
117,10,317,445,343,491
117,11,435,294,459,328
117,12,676,326,706,370
117,13,888,318,910,362
117,14,1299,305,1323,355
117,15,854,208,874,251
117,16,623,244,648,282
117,17,559,241,590,280
117,18,1570,297,1592,344
117,19,649,188,688,258
117,20,631,222,657,268
117,21,873,223,896,266
117,22,656,114,677,152
117,34,1816,999,1846,1060
117,36,172,313,194,360
117,42,614,194,641,230
118,1,368,376,399,425
118,2,1806,389,1836,443
118,3,912,432,940,483
118,4,946,261,970,306
118,5,638,464,672,515
118,6,1266,388,1288,434
118,7,1628,478,1658,533
118,8,1389,695,1418,757
118,9,457,306,483,349
118,10,311,444,338,489
118,11,435,293,459,327
118,12,673,326,702,370
118,13,886,317,907,362
118,14,1299,305,1323,355
118,15,849,209,868,251
118,16,618,243,644,283
118,17,557,241,588,280
118,18,1569,298,1591,345
118,19,647,188,687,259
118,20,629,221,654,263
118,21,872,222,894,265
118,22,654,110,676,151
118,34,1814,998,1842,1058
118,36,175,312,197,359
118,42,610,194,637,230
119,1,363,375,393,424
119,2,1806,388,1835,442
119,3,906,431,934,481
119,4,943,261,967,306
119,5,634,463,667,514
119,6,1264,387,1286,434
119,7,1623,478,1653,531
119,8,1386,692,1416,757
119,9,455,306,481,348
119,10,305,441,332,488
119,11,434,292,458,327
119,12,666,326,694,369
119,13,883,317,904,361
119,14,1299,304,1321,355
119,15,843,210,863,251
119,16,613,240,640,282
119,17,553,240,585,280
119,18,1569,299,1591,345
119,19,645,187,685,259
119,20,626,219,650,260
119,21,869,219,892,265
119,22,653,109,675,151
119,34,1813,998,1840,1057
119,36,173,314,195,361
119,42,602,193,630,230
120,1,360,376,389,425
120,2,1805,389,1834,442
120,3,899,430,927,479
120,4,941,261,966,306
120,5,630,462,663,513
120,6,1262,386,1285,434
120,7,1620,478,1651,531
120,8,1383,690,1414,756
120,9,454,306,480,348
120,10,300,440,328,487
120,11,435,291,460,327
120,12,662,326,690,369
120,13,881,315,902,360
120,14,1298,304,1320,354
120,15,840,211,859,251
120,16,609,240,636,282
120,17,549,240,581,281
120,18,1567,300,1589,345
120,19,643,186,684,259
120,20,623,224,645,259
120,21,866,218,888,264
120,22,650,109,672,151
120,34,1811,998,1839,1055
120,36,175,314,197,361
120,42,596,193,623,229
121,1,357,376,385,425
121,2,1804,389,1833,442
121,3,892,430,921,479
121,4,940,264,965,307
121,5,625,462,657,512
121,6,1259,386,1283,434
121,7,1617,480,1647,531
121,8,1381,689,1412,756
121,9,452,306,480,348
121,10,297,437,325,486
121,11,436,290,462,327
121,12,654,325,683,369
121,13,879,315,900,359
121,14,1297,304,1319,354
121,15,835,211,853,251
121,16,604,240,631,282
121,17,543,240,576,281
121,18,1566,300,1587,345
121,19,641,185,683,260
121,20,619,226,639,259
121,21,864,218,886,262
121,22,649,108,672,151
121,34,1810,997,1837,1054
121,36,176,314,198,361
121,42,590,195,618,231
122,1,353,377,380,425
122,2,1803,388,1831,442
122,3,887,430,915,479
122,4,939,264,964,307
122,5,619,461,652,511
122,6,1257,386,1281,434
122,7,1615,479,1644,531
122,8,1380,688,1411,754
122,9,450,305,480,348
122,10,293,434,322,484
122,11,438,289,464,327
122,12,651,322,681,368
122,13,878,313,899,359
122,14,1297,304,1318,354
122,15,830,210,848,250
122,16,598,239,624,280
122,17,538,239,571,280
122,18,1564,299,1585,344
122,19,640,184,682,260
122,20,616,228,635,258
122,21,862,218,884,262
122,22,648,110,670,151
122,34,1809,997,1835,1053
122,36,177,314,198,360
122,42,586,195,614,231
123,1,349,377,376,424
123,2,1803,388,1830,442
123,3,880,429,907,479
123,4,936,263,960,306
123,5,613,461,646,511
123,6,1255,388,1280,434
123,7,1611,479,1640,531
123,8,1378,687,1409,753
123,9,449,303,480,348
123,10,290,432,319,480
123,11,438,287,467,328
123,12,648,323,677,366
123,13,876,313,898,358
123,14,1296,304,1317,354
123,15,826,209,845,250
123,16,590,239,617,279
123,17,536,239,569,279
123,18,1563,298,1583,344
123,19,638,183,680,260
123,20,608,229,629,262
123,21,860,216,883,262
123,22,647,113,668,152
123,34,1808,997,1834,1052
123,36,178,314,200,360
123,42,580,195,607,233
124,1,346,376,374,423
124,2,1802,388,1829,442
124,3,874,428,901,478
124,4,936,262,959,305
124,5,609,460,642,511
124,6,1254,388,1278,435
124,7,1608,478,1636,532
124,8,1378,687,1408,751
124,9,448,300,481,347
124,10,285,430,314,478
124,11,439,286,469,329
124,12,647,324,674,363
124,13,874,312,896,357
124,14,1295,304,1316,355
124,15,822,209,842,250
124,16,588,239,617,281
124,17,533,239,566,278
124,18,1562,298,1582,343
124,19,636,183,679,260
124,20,605,229,627,265
124,21,859,216,882,262
124,22,647,115,667,152
124,34,1806,996,1832,1051
124,36,180,314,202,360
124,42,575,195,601,231
125,1,344,375,374,423
125,2,1802,388,1828,442
125,3,872,427,898,476
125,4,937,261,959,305
125,5,605,458,638,512
125,6,1254,389,1277,434
125,7,1606,476,1635,532
125,8,1378,687,1406,750
125,9,446,293,482,347
125,10,281,428,310,476
125,11,439,285,469,328
125,12,643,323,669,363
125,13,873,313,894,356
125,14,1295,304,1317,355
125,15,818,208,839,250
125,16,589,240,616,281
125,17,530,239,563,278
125,18,1561,298,1582,344
125,19,605,226,630,271
125,20,599,237,624,278
125,21,859,216,882,262
125,22,648,116,667,151
125,34,1805,996,1830,1049
125,36,182,314,203,360
125,42,572,194,598,229
125,43,526,241,575,277
126,1,342,375,374,423
126,2,1802,389,1828,443
126,3,868,426,895,474
126,4,937,261,959,306
126,5,603,459,634,511
126,6,1252,389,1275,435
126,7,1605,475,1634,531
126,8,1376,686,1405,749
126,9,447,295,482,346
126,10,277,427,307,475
126,11,439,284,469,328
126,12,635,323,663,366
126,13,872,313,892,355
126,14,1296,305,1318,355
126,15,814,210,836,251
126,16,581,240,610,282
126,17,528,239,560,278
126,18,1560,297,1582,343
126,19,605,226,629,269
126,20,595,239,620,280
126,21,859,217,882,262
126,22,648,116,668,151
126,34,1804,996,1829,1048
126,36,183,314,205,359
126,42,569,193,595,229
126,43,523,242,573,279
127,1,340,375,372,423
127,2,1802,389,1828,444
127,3,864,426,891,474
127,4,937,261,959,307
127,5,601,459,631,511
127,6,1251,389,1274,435
127,7,1603,475,1632,530
127,8,1375,686,1403,749
127,9,446,296,479,346
127,10,274,425,305,474
127,11,439,283,470,327
127,12,631,322,659,365
127,13,871,313,890,355
127,14,1297,305,1319,355
127,15,810,211,833,252
127,16,578,240,609,284
127,17,525,239,557,277
127,18,1559,298,1582,344
127,19,604,226,627,268
127,20,591,241,616,282
127,21,860,219,881,263
127,22,648,115,669,151
127,34,1792,995,1824,1062
127,36,188,314,210,359
127,42,564,193,592,230
127,43,520,243,577,286
128,1,337,374,368,423
128,2,1804,390,1830,444
128,3,859,426,888,474
128,4,937,261,959,306
128,5,599,458,630,510
128,6,1252,388,1274,435
128,7,1602,475,1632,529
128,8,1375,685,1402,748
128,9,446,294,478,345
128,10,272,423,302,472
128,11,439,282,470,327
128,12,627,322,655,365
128,13,871,310,891,355
128,14,1299,306,1322,355
128,15,808,211,830,253
128,16,576,240,607,284
128,17,522,238,554,277
128,18,1561,298,1584,344
128,19,605,225,628,267
128,20,587,243,612,285
128,21,861,220,882,264
128,22,649,115,670,152
128,34,1790,995,1822,1062
128,36,190,314,213,359
128,42,560,193,588,231
128,43,521,243,574,282
129,1,336,374,365,422
129,2,1806,390,1832,443
129,3,855,425,885,474
129,4,938,261,960,306
129,5,596,456,628,509
129,6,1253,387,1275,435
129,7,1601,475,1631,529
129,8,1376,683,1403,747
129,9,447,296,477,344
129,10,270,421,299,468
129,11,451,285,482,333
129,12,630,322,655,363
129,13,871,308,891,352
129,14,1301,306,1324,355
129,15,804,211,827,253
129,16,577,240,604,280
129,17,519,238,551,277
129,18,1563,299,1586,344
129,19,603,225,626,267
129,20,583,245,608,287
129,21,861,220,882,264
129,22,650,114,672,151
129,34,1794,994,1826,1063
129,36,194,312,217,359
129,42,558,193,586,231
129,43,524,243,575,280
130,1,334,374,363,421
130,2,1807,391,1834,444
130,3,851,425,881,474
130,4,939,262,962,307
130,5,593,456,625,506
130,6,1252,387,1276,435
130,7,1601,476,1631,529
130,8,1375,682,1403,747
130,9,448,294,477,343
130,10,266,420,295,467
130,11,454,285,483,331
130,12,627,321,654,367
130,13,871,307,891,351
130,14,1303,307,1326,355
130,15,800,211,823,253
130,16,578,240,603,279
130,17,516,238,548,276
130,18,1564,299,1588,344
130,19,612,224,634,265
130,20,578,246,604,289
130,21,862,221,882,264
130,22,651,113,673,150
130,34,1796,994,1828,1065
130,36,197,314,219,359
130,42,556,195,583,232
130,43,523,243,573,280
131,1,333,374,361,422
131,2,1809,391,1836,445
131,3,847,424,876,473
131,4,940,262,963,307
131,5,591,458,622,506
131,6,1252,387,1276,435
131,7,1601,477,1631,529
131,8,1376,682,1404,745
131,9,449,294,477,342
131,10,262,419,291,467
131,11,458,285,486,332
131,12,625,320,651,365
131,13,871,306,892,351
131,14,1305,307,1328,355
131,15,796,211,819,253
131,16,577,240,602,278
131,17,513,238,545,276
131,18,1565,299,1589,344
131,19,615,224,638,264
131,20,574,248,600,291
131,21,863,221,884,264
131,22,653,114,675,151
131,34,1797,994,1829,1065
131,36,201,315,223,359
131,42,552,194,580,233
131,43,523,243,571,280
132,1,330,374,358,423
132,2,1811,391,1839,445
132,3,845,423,872,472
132,4,942,262,965,307
132,5,590,459,621,506
132,6,1252,388,1277,436
132,7,1601,476,1629,528
132,8,1377,682,1405,745
132,9,450,295,477,343
132,10,261,418,289,466
132,11,459,284,487,332
132,12,624,320,649,364
132,13,872,306,894,351
132,14,1308,307,1331,355
132,15,800,211,822,253
132,16,577,239,602,278
132,17,529,241,560,278
132,18,1566,298,1589,345
132,19,617,223,642,265
132,20,570,250,596,293
132,21,867,221,886,262
132,22,656,115,677,151
132,34,1797,994,1829,1065
132,36,205,315,227,359
132,42,551,194,577,232
132,43,522,244,571,281
133,1,329,375,357,423
133,2,1813,392,1840,445
133,3,843,422,870,471
133,4,944,262,966,307
133,5,588,458,620,506
133,6,1253,389,1278,437
133,7,1599,476,1626,528
133,8,1379,682,1407,744
133,9,450,295,476,343
133,10,260,417,287,463
133,11,460,284,489,332
133,12,621,319,646,361
133,13,872,306,893,350
133,14,1310,307,1332,355
133,15,796,211,819,253
133,16,577,238,602,278
133,17,529,241,561,279
133,18,1566,298,1590,347
133,19,618,223,644,265
133,20,566,252,592,296
133,21,869,220,888,261
133,22,657,114,679,151
133,34,1796,994,1828,1065
133,36,209,315,231,359
133,42,549,193,575,232
133,43,522,244,571,281
134,1,326,376,355,423
134,2,1815,391,1842,446
134,3,840,421,867,471
134,4,944,262,966,307
134,5,587,457,619,505
134,6,1254,390,1279,437
134,7,1597,474,1625,528
134,8,1381,682,1407,742
134,9,451,296,476,342
134,10,258,416,286,461
134,11,461,283,490,332
134,12,618,319,642,362
134,13,872,306,894,350
134,14,1312,307,1333,355
134,15,793,211,817,253
134,16,576,237,602,277
134,17,529,240,562,277
134,18,1568,298,1590,346
134,19,618,223,647,269
134,20,562,254,588,298
134,21,872,219,892,260
134,22,657,114,679,150
134,34,1795,994,1827,1063
134,36,212,316,234,359
134,42,547,192,574,232
134,43,521,244,570,282
135,1,325,376,354,423
135,2,1817,391,1843,447
135,3,836,420,863,469
135,4,944,262,966,307
135,5,585,456,616,505
135,6,1255,390,1279,437
135,7,1597,473,1625,528
135,8,1381,682,1407,741
135,9,452,296,477,342
135,10,256,415,284,460
135,11,472,285,497,330
135,12,616,320,641,364
135,13,872,305,893,350
135,14,1314,307,1335,356
135,15,792,211,816,253
135,16,575,236,602,277
135,17,530,239,563,276
135,18,1569,298,1591,345
135,19,614,223,645,271
135,20,557,256,584,300
135,21,875,218,894,260
135,22,658,114,680,150
135,34,1795,993,1828,1063
135,36,216,316,238,359
135,42,545,193,572,232
135,43,521,245,570,282
136,1,325,376,355,423
136,2,1819,392,1844,446
136,3,833,420,860,467
136,4,944,262,966,307
136,5,583,455,614,506
136,6,1254,389,1277,436
136,7,1596,474,1624,527
136,8,1380,681,1406,741
136,9,454,295,480,342
136,10,253,412,281,458
136,11,476,285,500,330
136,12,615,320,639,365
136,13,872,304,893,349
136,14,1316,308,1337,356
136,15,791,211,814,253
136,16,574,235,601,277
136,17,530,238,564,276
136,18,1570,298,1593,344
136,19,614,224,644,273
136,20,553,258,580,302
136,21,877,218,897,261
136,22,659,114,680,150
136,34,1795,993,1829,1063
136,36,220,316,242,358
136,42,542,194,569,232
136,43,520,245,570,283
137,1,325,375,357,423
137,2,1820,392,1846,447
137,3,830,420,856,467
137,4,944,262,966,307
137,5,582,453,613,506
137,6,1254,389,1277,437
137,7,1594,473,1622,527
137,8,1381,680,1407,741
137,9,456,295,482,341
137,10,248,410,276,457
137,11,479,285,503,332
137,12,614,320,638,366
137,13,873,303,893,349
137,14,1318,308,1338,356
137,15,790,212,812,253
137,16,574,235,601,277
137,17,529,238,564,277
137,18,1572,299,1595,344
137,19,615,227,644,273
137,20,549,260,576,305
137,21,880,218,899,261
137,22,663,110,686,147
137,34,1797,994,1831,1062
137,36,223,316,245,359
137,42,540,195,567,233
137,43,519,246,569,284
138,1,324,375,357,424
138,2,1821,392,1846,447
138,3,827,420,853,466
138,4,944,262,966,307
138,5,580,452,610,504
138,6,1255,388,1278,437
138,7,1593,474,1621,526
138,8,1381,678,1407,740
138,9,458,293,485,341
138,10,245,407,274,455
138,11,483,285,506,332
138,12,613,320,636,365
138,13,873,303,893,347
138,14,1319,307,1339,356
138,15,789,212,810,253
138,16,575,236,601,277
138,17,529,239,565,277
138,18,1573,299,1597,345
138,19,618,228,645,273
138,20,545,262,572,307
138,21,882,218,901,261
138,22,666,113,686,148
138,34,1799,994,1834,1062
138,36,226,317,248,358
138,42,539,196,564,233
138,43,519,246,569,284
139,1,323,375,356,423
139,2,1821,392,1846,447
139,3,823,419,850,467
139,4,951,261,973,306
139,5,577,451,608,503
139,6,1256,387,1278,436
139,7,1593,474,1622,526
139,8,1381,677,1408,740
139,9,459,292,487,341
139,10,242,404,271,453
139,11,487,285,509,332
139,12,611,320,635,365
139,13,873,302,894,347
139,14,1320,307,1340,356
139,15,787,211,809,252
139,16,574,237,599,278
139,17,529,239,564,277
139,18,1575,300,1599,345
139,19,621,229,647,273
139,20,541,264,568,309
139,21,885,217,903,260
139,22,668,118,687,148
139,34,1801,993,1836,1062
139,36,230,317,253,359
139,42,537,197,561,234
139,43,518,246,569,285
140,1,320,375,352,422
140,2,1822,393,1847,447
140,3,821,418,848,466
140,4,952,261,975,306
140,5,575,451,606,503
140,6,1256,387,1279,436
140,7,1594,475,1624,527
140,8,1381,676,1409,740
140,9,461,291,490,341
140,10,239,403,267,451
140,11,490,286,512,333
140,12,611,320,635,365
140,13,873,302,894,347
140,14,1321,307,1342,356
140,15,786,210,808,252
140,16,573,237,597,278
140,17,529,238,564,277
140,18,1576,300,1601,345
140,19,623,229,649,273
140,20,536,266,564,311
140,21,885,217,904,261
140,22,669,117,687,147
140,34,1802,993,1838,1062
140,36,233,317,256,359
140,42,535,197,559,233
140,43,518,247,568,286
141,1,319,375,350,421
141,2,1823,393,1849,447
141,3,819,416,846,466
141,4,953,261,977,307
141,5,574,451,604,504
141,6,1257,388,1280,436
141,7,1594,475,1623,528
141,8,1381,675,1410,740
141,9,462,290,490,341
141,10,237,402,263,448
141,11,494,286,515,334
141,12,610,320,635,365
141,13,874,302,895,347
141,14,1322,307,1345,356
141,15,784,211,806,252
141,16,572,238,596,278
141,17,527,238,562,277
141,18,1579,300,1604,346
141,19,623,229,649,273
141,20,532,268,560,313
141,21,888,218,906,261
141,22,670,114,690,148
141,34,1804,993,1839,1059
141,36,239,318,262,360
141,42,533,197,558,234
141,43,517,247,568,286
142,1,316,374,348,423
142,2,1825,394,1852,448
142,3,816,416,844,465
142,4,956,261,980,307
142,5,575,452,603,503
142,6,1259,388,1282,437
142,7,1593,474,1622,528
142,8,1383,675,1412,740
142,9,463,289,490,340
142,10,236,400,261,445
142,11,498,287,518,335
142,12,609,320,634,365
142,13,875,301,895,346
142,14,1325,307,1347,356
142,15,783,211,805,252
142,16,573,237,597,278
142,17,528,237,562,276
142,18,1582,300,1606,345
142,19,624,230,650,274
142,20,528,270,556,316
142,21,890,217,909,261
142,22,672,115,692,147
142,34,1806,992,1841,1060
142,36,242,320,265,360
142,42,533,198,557,234
142,43,516,248,568,287
143,1,314,373,346,423
143,2,1827,394,1855,448
143,3,814,415,841,463
143,4,958,261,982,306
143,5,574,452,601,503
143,6,1260,389,1283,436
143,7,1592,473,1621,528
143,8,1384,675,1412,739
143,9,463,289,488,339
143,10,234,398,259,443
143,11,502,288,521,335
143,12,607,320,634,366
143,13,876,302,896,345
143,14,1327,307,1350,356
143,15,781,211,803,252
143,16,572,236,597,278
143,17,529,236,563,276
143,18,1583,299,1608,345
143,19,625,231,650,274
143,20,524,272,552,318
143,21,893,215,912,261
143,22,672,113,694,147
143,34,1807,992,1842,1061
143,36,243,321,268,360
143,42,531,196,557,235
143,43,516,248,568,288
144,1,312,373,343,424
144,2,1829,394,1857,448
144,3,812,415,839,463
144,4,960,261,983,306
144,5,574,453,600,503
144,6,1261,390,1282,436
144,7,1592,472,1620,528
144,8,1386,675,1413,737
144,9,464,290,488,339
144,10,233,396,258,440
144,11,505,287,525,335
144,12,606,321,633,366
144,13,876,302,895,345
144,14,1330,308,1353,356
144,15,781,212,803,253
144,16,573,235,598,278
144,17,530,234,564,276
144,18,1585,299,1609,345
144,19,625,232,649,275
144,20,520,274,548,320
144,21,896,215,915,261
144,22,673,113,695,147
144,34,1808,992,1844,1061
144,36,247,321,271,360
144,42,529,197,555,236
144,43,515,248,567,288
145,1,311,373,341,422
145,2,1831,394,1860,448
145,3,811,415,838,463
145,4,962,262,985,306
145,5,573,452,600,502
145,6,1261,390,1282,436
145,7,1592,472,1620,528
145,8,1387,675,1413,736
145,9,464,289,489,339
145,10,234,395,258,438
145,11,510,288,529,336
145,12,606,321,632,366
145,13,877,302,896,345
145,14,1333,307,1356,356
145,15,781,212,802,252
145,16,573,236,598,278
145,17,531,233,565,276
145,18,1587,299,1611,345
145,19,626,234,650,276
145,20,515,275,544,322
145,21,898,214,917,260
145,22,675,113,696,147
145,34,1809,991,1844,1062
145,36,250,322,274,360
145,42,527,197,553,238
145,43,514,249,567,289
146,1,310,373,339,421
146,2,1835,394,1864,448
146,3,809,414,835,463
146,4,965,261,986,306
146,5,572,449,600,501
146,6,1262,390,1283,436
146,7,1591,471,1620,527
146,8,1388,674,1414,735
146,9,466,291,491,340
146,10,233,395,258,438
146,11,514,288,533,336
146,12,604,320,629,367
146,13,879,301,897,345
146,14,1336,307,1359,356
146,15,780,212,800,252
146,16,573,236,600,280
146,17,532,233,567,277
146,18,1590,300,1613,346
146,19,628,235,651,277
146,20,511,277,540,324
146,21,900,214,919,260
146,22,677,115,696,145
146,34,1808,992,1844,1063
146,36,254,322,277,360
146,42,526,199,551,239
146,43,514,249,567,289
147,1,312,372,339,420
147,2,1838,394,1866,448
147,3,807,413,832,461
147,4,967,261,988,306
147,5,572,448,600,500
147,6,1263,390,1284,437
147,7,1590,471,1620,528
147,8,1390,673,1415,734
147,9,468,292,493,340
147,10,230,395,254,437
147,11,519,289,537,336
147,12,603,320,628,366
147,13,880,301,899,344
147,14,1338,307,1362,356
147,15,780,211,800,251
147,16,575,237,601,280
147,17,533,233,568,277
147,18,1591,300,1614,346
147,19,629,235,653,278
147,20,507,279,536,327
147,21,902,214,920,260
147,22,680,117,698,145
147,34,1808,993,1843,1063
147,36,257,323,280,360
147,42,525,199,549,238
147,43,513,250,566,290
147,47,243,322,283,361
148,1,313,372,340,419
148,2,1841,395,1869,450
148,3,807,412,832,460
148,4,970,262,990,306
148,5,572,448,600,500
148,6,1265,389,1286,438
148,7,1590,473,1621,529
148,8,1390,672,1415,734
148,9,470,294,494,341
148,10,230,396,254,436
148,11,523,290,541,336
148,12,604,320,629,367
148,13,882,301,901,344
148,14,1341,306,1364,356
148,15,780,211,800,251
148,16,576,237,602,281
148,17,536,233,570,278
148,18,1593,300,1616,346
148,19,631,236,655,278
148,20,503,281,532,329
148,21,909,213,927,260
148,22,681,117,699,145
148,34,1809,994,1844,1064
148,36,260,323,284,360
148,42,524,199,548,239
148,43,513,250,566,291
148,47,244,323,284,361
148,48,200,115,213,155
149,1,314,371,340,418
149,2,1844,396,1871,451
149,3,806,411,832,460
149,4,972,261,992,306
149,5,573,449,600,500
149,6,1266,390,1287,438
149,7,1591,474,1622,529
149,8,1390,672,1416,734
149,9,474,295,498,340
149,10,231,395,255,434
149,11,528,289,545,335
149,12,604,321,629,367
149,13,884,301,903,343
149,14,1343,307,1365,356
149,15,780,211,800,251
149,16,577,237,603,282
149,17,538,232,572,278
149,18,1595,300,1618,346
149,19,634,237,658,279
149,20,499,283,528,331
149,21,913,213,930,259
149,22,683,117,700,145
149,34,1811,994,1847,1064
149,36,264,324,287,360
149,42,524,198,547,240
149,43,512,250,566,291
149,47,247,324,284,361
149,48,202,115,216,155
150,1,315,369,340,417
150,2,1847,396,1874,451
150,3,805,411,830,459
150,4,974,261,994,306
150,5,575,450,601,499
150,6,1268,390,1290,438
150,7,1592,474,1623,530
150,8,1390,672,1417,734
150,9,476,295,500,340
150,10,231,396,255,433
150,11,532,289,550,335
150,12,602,321,628,367
150,13,886,301,905,343
150,14,1346,307,1368,357
150,15,780,212,799,250
150,16,579,237,603,281
150,17,538,231,572,278
150,18,1598,300,1621,346
150,19,635,237,660,279
150,20,494,285,524,333
150,21,916,212,934,260
150,22,686,117,703,143
150,34,1813,995,1849,1064
150,36,255,325,278,362
150,42,523,199,547,240
150,43,511,251,565,292
150,47,248,325,285,361
150,48,204,115,218,154
151,1,315,368,340,416
151,2,1850,396,1876,452
151,3,803,411,828,457
151,4,976,261,996,306
151,5,572,450,599,500
151,6,1271,391,1293,439
151,7,1594,475,1624,530
151,8,1392,672,1420,734
151,9,478,293,503,339
151,10,230,396,256,431
151,11,536,290,553,336
151,12,600,321,628,368
151,13,887,301,905,342
151,14,1348,306,1370,357
151,15,780,212,799,250
151,16,580,237,604,282
151,17,539,231,572,277
151,18,1601,301,1625,347
151,19,637,235,662,279
151,20,490,287,520,336
151,21,920,212,937,259
151,22,688,117,704,143
151,34,1816,996,1852,1064
151,36,255,324,280,363
151,42,522,198,546,240
151,43,511,251,565,293
151,47,250,326,286,361
151,48,206,115,220,154
152,1,316,366,340,414
152,2,1852,396,1878,452
152,3,801,411,826,457
152,4,978,262,999,306
152,5,572,448,599,500
152,6,1274,391,1296,439
152,7,1595,475,1625,530
152,8,1394,672,1423,735
152,9,479,291,504,339
152,10,228,396,254,430
152,11,540,290,558,335
152,12,599,321,628,369
152,13,888,300,906,342
152,14,1350,307,1371,358
152,15,780,212,800,252
152,16,582,237,605,282
152,17,540,230,573,277
152,18,1604,301,1628,347
152,19,637,234,662,279
152,20,486,289,516,338
152,21,925,212,941,259
152,22,690,117,705,142
152,34,1817,996,1855,1065
152,36,258,326,283,365
152,42,522,200,545,240
152,43,510,252,565,293
152,47,252,327,287,361
152,48,218,115,231,156
153,1,317,364,340,412
153,2,1853,397,1879,453
153,3,799,411,824,456
153,4,981,261,1003,307
153,5,573,447,601,499
153,6,1276,391,1298,439
153,7,1597,474,1626,529
153,8,1397,672,1427,734
153,9,480,289,505,339
153,10,228,397,256,431
153,11,545,291,563,336
153,12,599,322,628,370
153,13,890,300,908,342
153,14,1351,307,1373,357
153,15,781,212,800,252
153,16,583,237,607,282
153,17,540,230,574,277
153,18,1607,301,1631,347
153,19,638,233,663,279
153,20,482,291,512,340
153,21,929,212,945,259
153,22,692,117,707,141
153,34,1820,996,1858,1064
153,36,260,329,285,365
153,42,522,202,544,242
153,43,510,252,564,294
153,47,253,327,288,361
153,48,221,115,235,156
154,1,318,363,341,412
154,2,1854,397,1881,453
154,3,798,411,821,455
154,4,984,260,1005,306
154,5,574,446,603,499
154,6,1277,391,1299,440
154,7,1600,473,1628,529
154,8,1400,671,1430,733
154,9,481,289,505,338
154,10,225,398,254,430
154,11,549,292,567,336
154,12,600,322,628,370
154,13,892,299,910,342
154,14,1354,307,1376,357
154,15,781,211,800,251
154,16,584,236,608,283
154,17,543,230,573,276
154,18,1610,301,1635,347
154,19,640,232,664,279
154,20,478,293,508,342
154,21,933,212,948,259
154,22,694,118,709,142
154,34,1822,996,1861,1065
154,36,263,330,289,366
154,42,522,202,544,242
154,43,509,252,564,294
154,47,255,328,289,361
154,48,225,115,239,156
155,1,318,363,342,413
155,2,1857,398,1883,453
155,3,798,410,820,454
155,4,987,260,1009,306
155,5,576,446,605,500
155,6,1278,391,1300,440
155,7,1602,472,1629,529
155,8,1403,671,1432,732
155,9,482,289,506,339
155,10,223,400,252,430
155,11,554,291,571,337
155,12,601,323,627,371
155,13,894,298,912,342
155,14,1357,307,1380,357
155,15,781,211,800,251
155,16,584,238,609,284
155,17,544,230,573,276
155,18,1613,301,1638,348
155,19,641,232,665,280
155,20,474,295,503,344
155,21,936,212,952,259
155,22,695,114,712,143
155,34,1824,996,1863,1065
155,36,265,331,291,367
155,42,522,202,543,242
155,43,508,253,564,295
155,47,253,332,286,366
155,48,229,115,243,156
156,1,320,363,342,412
156,2,1859,398,1887,454
156,3,797,409,820,455
156,4,990,260,1012,305
156,5,576,446,606,502
156,6,1280,391,1301,440
156,7,1604,471,1631,528
156,8,1405,671,1434,731
156,9,484,289,507,339
156,10,221,402,251,430
156,11,558,292,576,338
156,12,601,323,626,371
156,13,895,298,914,342
156,14,1360,307,1383,358
156,15,781,210,800,252
156,16,586,239,610,285
156,17,545,230,574,277
156,18,1616,301,1640,348
156,19,642,232,666,281
156,21,940,212,955,259
156,22,697,115,714,142
156,34,1827,996,1865,1065
156,36,268,332,293,367
156,42,523,203,544,241
156,43,508,253,564,296
156,47,253,334,287,367
156,48,233,115,247,156
156,49,5,829,35,894
157,1,320,363,342,412
157,2,1862,399,1890,455
157,3,796,408,819,454
157,4,993,260,1015,304
157,5,578,446,607,501
157,6,1282,391,1303,442
157,7,1605,471,1631,527
157,8,1406,670,1435,729
157,9,486,290,509,340
157,10,219,403,248,428
157,11,562,292,580,338
157,12,602,323,626,371
157,13,897,297,916,341
157,14,1363,307,1387,358
157,15,781,210,800,251
157,16,588,240,611,285
157,17,546,230,574,278
157,18,1618,302,1643,348
157,19,643,233,667,281
157,21,943,212,959,258
157,22,699,115,715,143
157,34,1828,996,1866,1064
157,36,270,332,295,368
157,42,524,203,544,241
157,43,507,254,563,296
157,47,251,335,287,369
157,48,237,115,251,156
157,49,9,826,40,892
158,1,320,363,342,412
158,2,1866,399,1894,455
158,3,794,408,818,454
158,4,996,260,1017,305
158,5,580,446,608,499
158,6,1283,391,1304,441
158,7,1605,471,1633,527
158,8,1407,669,1434,729
158,9,488,291,510,341
158,10,218,403,245,427
158,11,566,292,584,339
158,12,602,323,626,371
158,13,899,298,918,341
158,14,1366,307,1389,358
158,15,781,210,800,251
158,16,590,241,612,285
158,17,547,231,575,278
158,18,1621,302,1645,348
158,19,645,234,668,282
158,21,947,211,962,258
158,22,700,110,719,143
158,34,1829,996,1866,1064
158,36,272,333,297,368
158,42,524,203,545,242
158,43,507,254,563,297
158,47,249,334,287,370
158,48,240,115,255,157
158,49,14,826,45,892
159,1,321,363,343,411
159,2,1870,400,1898,455
159,3,792,408,817,454
159,4,998,260,1019,304
159,5,582,446,609,498
159,6,1285,392,1306,441
159,7,1607,473,1634,527
159,8,1407,670,1435,730
159,9,489,292,511,341
159,10,217,404,243,425
159,11,570,293,588,339
159,12,602,323,627,372
159,13,900,296,920,342
159,14,1368,307,1392,358
159,15,782,211,801,252
159,16,592,241,613,285
159,17,548,232,577,280
159,18,1624,303,1648,350
159,19,645,236,668,283
159,21,950,211,965,258
159,22,702,112,720,142
159,34,1831,997,1866,1065
159,36,275,334,299,369
159,42,523,204,545,244
159,43,506,255,563,298
159,47,250,334,289,371
159,48,247,114,261,155
159,49,19,827,50,891
160,1,322,363,344,410
160,2,1873,400,1901,456
160,3,793,409,816,454
160,4,1001,260,1021,303
160,5,584,445,611,497
160,6,1287,393,1308,442
160,7,1608,474,1636,528
160,8,1407,670,1435,731
160,9,492,293,514,342
160,10,217,404,240,424
160,11,574,292,592,338
160,12,602,323,628,372
160,13,902,296,921,342
160,14,1371,306,1395,358
160,15,781,211,801,254
160,16,594,241,614,285
160,17,551,234,578,281
160,18,1627,303,1650,350
160,19,645,238,668,284
160,21,953,211,969,258
160,22,704,113,720,141
160,34,1832,997,1867,1066
160,36,277,335,302,369
160,42,523,206,545,245
160,43,505,255,562,298
160,47,250,336,287,371
160,48,251,114,265,155
160,49,23,826,54,891
161,1,325,363,347,409
161,2,1876,400,1903,456
161,3,793,408,816,453
161,4,1004,260,1023,304
161,5,586,444,611,496
161,6,1289,394,1311,442
161,7,1610,476,1639,528
161,8,1407,669,1436,730
161,9,495,294,516,342
161,10,216,405,238,423
161,11,578,292,595,337
161,12,602,323,629,372
161,13,903,296,922,342
161,14,1374,306,1397,358
161,15,782,212,802,255
161,16,595,241,616,285
161,17,553,234,580,281
161,18,1628,303,1651,349
161,19,646,240,669,285
161,21,958,212,974,258
161,22,705,113,721,141
161,34,1832,998,1868,1067
161,36,280,336,304,370
161,42,523,206,545,247
161,43,505,255,562,299
161,47,251,338,287,371
161,48,256,114,270,155
161,49,26,825,58,891
162,1,327,363,349,409
162,2,1878,400,1905,457
162,3,793,407,817,454
162,4,1006,260,1025,305
162,5,587,442,612,495
162,6,1291,394,1314,442
162,7,1613,478,1641,529
162,8,1409,668,1438,731
162,9,497,295,517,342
162,10,215,405,235,422
162,11,581,292,598,338
162,12,603,325,630,373
162,13,905,296,924,342
162,14,1376,306,1399,358
162,15,783,212,803,255
162,16,596,241,617,285
162,17,555,234,582,282
162,18,1630,303,1652,349
162,19,647,241,670,285
162,21,962,212,977,259
162,22,707,113,723,140
162,34,1833,998,1869,1068
162,36,282,337,306,370
162,42,522,207,544,248
162,47,253,344,285,373
162,48,260,114,274,155
162,49,30,824,62,891
163,1,330,363,351,409
163,2,1881,401,1907,457
163,3,794,406,817,453
163,4,1007,259,1026,304
163,5,587,442,612,494
163,6,1293,394,1316,443
163,7,1615,480,1644,530
163,8,1411,667,1442,731
163,9,498,295,519,342
163,10,215,406,233,421
163,11,584,293,601,337
163,12,604,327,630,374
163,13,907,296,925,342
163,14,1379,306,1402,358
163,15,784,211,803,255
163,16,597,240,618,286
163,17,557,233,583,282
163,18,1631,304,1654,349
163,19,648,242,672,286
163,21,965,211,980,259
163,22,708,112,724,140
163,34,1834,998,1870,1069
163,36,284,337,308,371
163,42,521,209,542,248
163,47,254,346,285,374
163,48,264,114,278,155
163,49,34,824,66,890
164,1,332,362,353,409
164,2,1883,401,1908,457
164,3,793,405,817,452
164,4,1009,260,1028,304
164,5,588,442,613,493
164,6,1294,394,1318,443
164,7,1617,480,1648,530
164,8,1412,665,1444,731
164,9,500,295,520,343
164,10,214,406,231,420
164,11,587,292,604,337
164,12,605,329,630,374
164,13,908,295,926,340
164,14,1381,306,1404,358
164,15,785,211,803,255
164,16,598,239,620,286
164,17,558,233,584,282
164,18,1634,304,1657,350
164,19,651,241,675,286
164,21,969,211,984,258
164,22,708,105,726,137
164,34,1836,999,1872,1069
164,36,287,338,310,371
164,42,520,209,542,250
164,47,252,353,281,379
164,48,267,115,281,154
164,49,38,823,70,889
165,1,334,361,355,410
165,2,1885,402,1910,457
165,3,793,404,816,452
165,4,1011,260,1031,305
165,5,588,441,613,494
165,6,1296,393,1319,442
165,7,1620,481,1650,531
165,8,1413,663,1446,731
165,9,502,295,522,342
165,10,214,406,228,419
165,11,592,292,609,337
165,12,606,330,630,375
165,13,909,295,928,340
165,14,1384,306,1407,358
165,15,785,211,803,255
165,16,600,239,623,287
165,17,559,233,585,283
165,18,1636,304,1660,350
165,19,653,241,677,285
165,21,973,212,987,259
165,22,709,104,727,136
165,34,1838,1000,1875,1069
165,36,289,339,312,372
165,42,519,210,542,251
165,47,252,356,280,380
165,48,271,115,285,154
165,49,42,823,74,889
166,1,335,360,356,410
166,2,1886,403,1911,458
166,3,791,405,815,452
166,4,1014,261,1034,305
166,5,587,442,612,494
166,6,1297,394,1320,442
166,7,1621,483,1652,531
166,8,1414,661,1449,729
166,9,504,294,524,343
166,10,213,407,226,418
166,11,595,292,612,337
166,12,605,330,628,376
166,13,910,295,929,340
166,14,1386,306,1409,358
166,15,786,211,804,255
166,16,603,240,626,287
166,17,560,233,587,283
166,18,1639,305,1664,351
166,19,654,240,678,286
166,21,976,212,991,258
166,22,711,103,729,136
166,34,1840,1001,1877,1070
166,36,292,340,315,372
166,42,518,211,541,252
166,47,253,358,280,382
166,48,275,115,289,154
166,49,45,822,79,890
167,1,337,360,358,409
167,2,1886,403,1912,458
167,3,790,405,814,452
167,4,1016,261,1036,306
167,5,588,443,613,494
167,6,1298,394,1320,443
167,7,1621,483,1652,531
167,8,1415,659,1450,729
167,9,506,294,526,343
167,10,212,407,223,417
167,11,599,292,616,336
167,12,604,330,628,378
167,13,912,296,932,340
167,14,1384,310,1407,360
167,15,786,211,804,254
167,16,605,242,628,288
167,17,561,233,588,283
167,18,1642,305,1667,351
167,19,654,239,679,286
167,21,980,212,994,259
167,22,712,102,731,135
167,34,1841,1001,1880,1070
167,36,294,341,317,373
167,42,517,212,540,253
167,47,253,361,279,383
167,48,279,115,293,154
167,49,49,821,83,890
168,1,340,359,360,408
168,2,1887,405,1913,459
168,3,789,405,814,454
168,4,1018,262,1039,307
168,5,589,444,615,494
168,6,1300,394,1322,444
168,7,1620,484,1651,531
168,8,1417,658,1452,727
168,9,508,293,529,343
168,10,212,408,221,416
168,11,603,292,620,336
168,12,605,330,629,378
168,13,914,296,934,340
168,14,1386,310,1409,360
168,15,786,211,805,254
168,16,607,242,629,289
168,17,567,233,592,282
168,18,1645,305,1670,351
168,19,655,238,679,286
168,21,984,212,998,258
168,22,713,101,732,135
168,34,1844,1001,1883,1071
168,36,296,342,319,373
168,42,516,213,540,254
168,47,254,363,278,385
168,48,283,115,297,154
168,49,53,820,87,889
169,1,342,358,362,408
169,2,1888,406,1915,460
169,3,789,405,814,454
169,4,1021,262,1042,307
169,5,591,443,618,494
169,6,1302,394,1323,444
169,7,1616,484,1648,532
169,8,1419,657,1454,726
169,9,509,293,530,344
169,10,211,408,218,414
169,11,607,292,623,336
169,12,606,331,629,378
169,13,916,296,938,341
169,14,1389,310,1412,361
169,15,787,212,806,254
169,16,608,243,630,289
169,17,570,234,594,283
169,18,1648,306,1673,351
169,19,656,238,681,287
169,21,987,212,1002,259
169,22,715,100,734,134
169,34,1846,1001,1885,1071
169,36,299,342,321,374
169,42,515,215,537,256
169,47,254,365,277,386
169,48,287,115,301,154
169,49,56,822,90,891
169,51,232,398,265,421
170,1,343,358,363,408
170,2,1889,406,1916,461
170,3,790,405,815,454
170,4,1022,262,1044,307
170,5,592,443,620,495
170,6,1302,395,1324,445
170,7,1615,484,1647,532
170,8,1420,656,1455,725
170,9,511,294,533,344
170,10,210,409,216,413
170,11,611,292,627,336
170,12,605,332,628,378
170,13,918,296,940,341
170,14,1391,310,1414,361
170,15,788,214,806,254
170,16,610,243,632,289
170,17,572,234,596,283
170,18,1650,306,1676,352
170,19,657,239,682,287
170,21,990,213,1005,258
170,22,716,99,735,134
170,34,1847,1001,1886,1071
170,36,301,343,323,374
170,42,513,216,536,255
170,47,251,358,281,385
170,48,289,116,303,154
170,49,60,822,94,891
170,51,234,398,267,421
171,1,344,358,365,408
171,2,1890,407,1917,460
171,3,790,405,815,455
171,4,1025,262,1046,306
171,5,594,444,622,495
171,6,1303,396,1324,445
171,7,1614,482,1647,533
171,8,1420,655,1455,725
171,9,513,295,534,344
171,10,210,409,213,412
171,11,614,292,631,336
171,12,605,332,629,379
171,13,920,296,942,341
171,14,1392,310,1416,361
171,15,788,214,806,254
171,16,611,243,633,290
171,17,574,234,598,283
171,18,1652,304,1678,352
171,19,658,236,682,284
171,21,993,213,1008,258
171,22,718,98,737,133
171,34,1848,1001,1886,1070
171,36,304,344,325,375
171,42,510,216,534,255
171,47,248,358,282,389
171,48,293,116,307,154
171,49,64,822,97,891
171,51,236,398,268,421
172,1,346,358,367,408
172,2,1892,408,1919,460
172,3,789,404,814,453
172,4,1026,262,1047,306
172,5,595,445,623,495
172,6,1303,397,1325,446
172,7,1610,481,1645,533
172,8,1420,655,1455,725
172,9,513,295,535,344
172,10,209,410,211,411
172,11,618,292,635,336
172,12,604,336,627,380
172,13,921,296,942,341
172,14,1394,310,1417,361
172,15,788,215,805,254
172,16,613,243,635,290
172,17,575,234,598,283
172,18,1652,301,1679,352
172,19,657,236,681,285
172,21,996,213,1011,258
172,22,719,97,739,133
172,34,1848,1001,1885,1070
172,36,306,345,328,376
172,42,507,216,531,254
172,47,248,359,282,391
172,48,294,115,308,154
172,49,67,821,101,891
172,51,238,399,270,421
173,1,347,358,368,408
173,2,1893,408,1920,460
173,3,788,403,813,452
173,4,1027,262,1047,306
173,5,594,444,623,495
173,6,1304,397,1326,446
173,7,1607,480,1642,531
173,8,1419,654,1454,725
173,9,513,296,535,344
173,10,209,410,208,410
173,11,612,294,630,341
173,12,603,337,626,381
173,13,920,296,941,340
173,14,1394,310,1417,361
173,15,787,214,804,254
173,16,614,244,636,290
173,17,576,234,599,282
173,18,1651,297,1679,351
173,19,657,236,681,284
173,21,997,213,1012,258
173,22,720,96,740,132
173,34,1847,1001,1883,1069
173,36,308,346,330,376
173,42,503,217,528,255
173,47,248,359,281,390
173,48,295,115,309,154
173,49,71,821,105,891
173,51,240,399,271,421
174,1,347,358,368,408
174,2,1894,409,1920,460
174,3,787,401,810,449
174,4,1027,262,1047,306
174,5,593,443,621,494
174,6,1303,397,1326,447
174,7,1604,478,1640,529
174,8,1416,654,1451,725
174,9,512,296,533,345
174,10,208,411,206,409
174,11,615,294,633,342
174,12,601,336,624,381
174,13,919,296,940,340
174,14,1395,310,1418,361
174,15,786,212,804,254
174,16,610,244,632,290
174,17,576,235,599,283
174,18,1650,296,1677,351
174,19,655,237,679,284
174,21,1000,213,1015,258
174,22,724,113,741,142
174,34,1846,1000,1881,1069
174,36,311,347,332,377
174,42,500,218,524,256
174,47,247,360,281,391
174,48,295,115,310,155
174,49,75,821,109,891
174,51,242,400,273,421
175,1,347,358,369,408
175,2,1894,409,1920,460
175,3,785,400,809,448
175,4,1027,262,1047,306
175,5,592,443,618,494
175,6,1303,398,1326,447
175,7,1601,478,1637,527
175,8,1415,654,1450,725
175,9,512,296,533,344
175,10,207,411,204,408
175,11,614,296,632,344
175,12,600,335,623,381
175,13,919,296,939,341
175,14,1396,311,1418,361
175,15,786,211,803,254
175,16,610,244,632,291
175,17,576,235,598,283
175,18,1649,294,1675,350
175,19,654,237,678,285
175,21,1003,213,1018,258
175,22,725,113,743,142
175,34,1845,1000,1879,1069
175,36,313,348,334,377
175,42,496,218,519,256
175,47,247,361,281,392
175,48,297,115,311,154
175,49,78,820,113,891
175,51,244,400,274,421
176,1,347,358,368,407
176,2,1893,409,1919,460
176,3,783,400,807,447
176,4,1028,262,1047,306
176,5,591,443,617,495
176,6,1303,398,1325,447
176,7,1598,477,1634,526
176,8,1414,654,1450,725
176,9,512,296,532,344
176,10,207,412,201,407
176,11,615,296,634,345
176,12,600,335,622,381
176,13,919,295,939,341
176,14,1396,311,1418,361
176,15,785,211,802,255
176,16,610,244,632,291
176,17,576,235,598,283
176,18,1648,294,1674,350
176,19,652,238,677,286
176,21,1006,213,1021,258
176,22,727,113,744,143
176,34,1844,999,1878,1069
176,36,316,348,336,378
176,42,491,218,514,256
176,47,247,363,281,394
176,48,297,115,312,154
176,49,82,820,117,891
176,51,246,400,275,421
177,1,347,358,369,408
177,2,1892,409,1918,460
177,3,783,399,806,447
177,4,1029,262,1047,307
177,5,590,443,616,495
177,6,1302,398,1324,447
177,7,1592,476,1627,526
177,8,1414,652,1450,723
177,9,512,296,532,345
177,10,206,412,199,406
177,11,617,296,635,343
177,12,600,334,621,381
177,13,919,295,938,341
177,14,1396,310,1417,361
177,15,783,211,801,255
177,16,610,244,632,291
177,17,576,235,597,283
177,18,1648,294,1673,350
177,19,652,239,676,286
177,21,1009,213,1024,258
177,22,728,113,746,143
177,34,1843,1000,1876,1069
177,36,318,349,338,378
177,42,487,217,510,255
177,47,246,364,281,395
177,48,298,116,313,155
177,49,86,819,120,890
177,51,233,388,273,415
178,1,347,357,369,407
178,2,1889,409,1915,459
178,3,781,399,805,447
178,4,1030,262,1048,306
178,5,589,443,614,494
178,6,1302,398,1324,447
178,7,1589,475,1624,526
178,8,1415,651,1450,722
178,9,512,295,532,345
178,10,205,413,196,405
178,11,620,294,638,343
178,12,599,332,620,380
178,13,918,295,937,340
178,14,1396,310,1418,361
178,15,781,211,799,256
178,16,610,244,633,291
178,17,577,235,597,283
178,18,1648,294,1672,350
178,19,652,240,676,286
178,21,1012,213,1027,258
178,22,730,113,747,143
178,34,1841,1000,1875,1069
178,36,320,350,341,379
178,42,483,215,506,254
178,47,246,365,281,396
178,48,300,116,315,155
178,49,90,819,124,890
178,51,234,387,274,414
179,1,347,357,369,407
179,2,1887,408,1914,459
179,3,780,400,804,447
179,4,1030,262,1048,307
179,5,587,443,613,494
179,6,1302,398,1323,447
179,7,1587,474,1621,525
179,8,1414,650,1450,721
179,9,513,294,532,345
179,10,205,413,194,403
179,11,622,293,640,342
179,12,599,332,620,381
179,13,918,295,938,341
179,14,1397,310,1418,361
179,15,780,212,799,256
179,16,611,245,633,292
179,17,578,235,598,284
179,18,1647,295,1671,350
179,19,652,240,677,286
179,21,1006,216,1020,258
179,22,738,117,754,143
179,34,1840,1000,1873,1069
179,36,247,347,276,388
179,42,479,213,504,252
179,47,246,366,280,397
179,48,303,116,318,155
179,49,93,819,128,890
179,51,232,384,274,413
180,1,349,356,371,407
180,2,1887,408,1914,459
180,3,780,400,803,447
180,4,1031,262,1049,306
180,5,586,443,612,495
180,6,1302,398,1323,447
180,7,1584,472,1619,523
180,8,1413,649,1449,720
180,9,513,295,533,346
180,10,204,413,191,402
180,11,624,293,642,342
180,12,598,332,620,381
180,13,919,295,938,341
180,14,1397,310,1418,362
180,15,781,213,799,257
180,16,611,245,633,292
180,17,579,235,599,285
180,18,1647,296,1670,350
180,19,653,239,677,286
180,21,1007,215,1022,259
180,22,740,117,756,143
180,34,1840,1000,1874,1070
180,36,248,346,276,385
180,42,474,212,500,252
180,47,246,367,280,399
180,48,305,116,320,155
180,49,97,818,132,890
180,51,231,383,275,414
181,1,350,356,372,407
181,2,1885,407,1912,459
181,3,780,401,803,447
181,4,1032,262,1049,305
181,5,585,443,612,494
181,6,1302,398,1322,447
181,7,1582,471,1617,521
181,8,1412,648,1447,718
181,9,514,295,534,347
181,10,204,414,189,401
181,11,626,292,644,343
181,12,597,332,619,382
181,13,919,295,939,341
181,14,1397,310,1418,362
181,15,782,214,800,257
181,16,612,245,634,292
181,17,580,235,599,286
181,18,1647,298,1670,351
181,19,654,238,678,285
181,21,1008,215,1023,259
181,22,742,118,758,144
181,34,1840,1000,1874,1069
181,36,248,344,277,384
181,42,471,210,497,252
181,47,245,368,280,400
181,48,307,116,322,155
181,49,101,818,136,890
181,51,230,381,275,413
182,1,352,356,374,408
182,2,1883,407,1911,460
182,3,781,402,803,448
182,4,1032,262,1050,305
182,5,586,443,613,494
182,6,1302,398,1322,447
182,7,1578,470,1613,520
182,8,1411,649,1445,717
182,9,515,296,535,347
182,10,203,414,186,400
182,11,628,290,647,343
182,12,597,333,619,383
182,13,920,295,940,341
182,14,1397,311,1419,363
182,15,783,214,801,257
182,16,612,246,635,293
182,17,581,236,600,286
182,18,1648,300,1671,352
182,19,654,238,678,285
182,21,1011,216,1026,258
182,22,744,118,760,144
182,34,1840,1001,1875,1070
182,36,248,342,279,384
182,42,468,210,494,251
182,47,245,369,280,401
182,48,310,116,325,155
182,49,104,818,140,890
182,51,231,380,274,412
183,1,354,356,376,408
183,2,1881,408,1909,460
183,3,782,403,804,447
183,4,1035,262,1052,306
183,5,586,443,614,495
183,6,1301,398,1322,447
183,7,1575,470,1609,520
183,8,1410,649,1445,717
183,9,516,296,536,348
183,10,202,415,184,399
183,11,629,290,648,343
183,12,598,334,619,383
183,13,921,296,941,340
183,14,1399,311,1420,363
183,15,784,215,802,257
183,16,613,246,635,293
183,17,582,236,601,287
183,18,1649,302,1672,353
183,19,656,237,679,285
183,21,1012,215,1028,259
183,22,747,119,762,144
183,34,1841,1001,1876,1070
183,36,251,339,280,379
183,42,465,210,492,251
183,47,245,371,280,402
183,48,312,116,327,155
183,49,108,817,143,890
183,51,231,379,274,411
184,1,355,356,377,408
184,2,1878,409,1905,460
184,3,783,403,805,448
184,4,1036,262,1054,306
184,5,585,443,613,494
184,6,1301,398,1322,446
184,7,1569,470,1604,520
184,8,1410,648,1445,717
184,9,517,295,539,350
184,10,202,415,181,398
184,11,632,289,651,343
184,12,598,335,620,384
184,13,922,296,941,340
184,14,1400,311,1422,363
184,15,785,214,803,256
184,16,614,246,636,293
184,17,583,236,602,288
184,18,1649,303,1673,354
184,19,656,237,680,286
184,21,1014,215,1030,259
184,22,749,119,764,144
184,34,1842,1001,1877,1070
184,36,252,336,281,375
184,42,462,209,489,251
184,47,245,372,280,404
184,48,310,116,325,155
184,49,112,817,147,890
184,51,231,378,273,410
185,1,357,356,379,407
185,2,1876,410,1903,461
185,3,784,403,806,448
185,4,1037,261,1055,306
185,5,586,442,614,494
185,6,1302,398,1323,446
185,7,1564,470,1598,520
185,8,1409,648,1444,717
185,9,519,296,540,348
185,10,201,416,179,397
185,11,635,288,654,342
185,12,599,336,621,384
185,13,922,296,941,339
185,14,1402,311,1423,363
185,15,787,213,804,256
185,16,614,246,637,294
185,17,585,237,604,288
185,18,1649,304,1674,354
185,19,656,237,680,287
185,21,1017,215,1032,259
185,22,751,119,766,144
185,34,1843,1002,1878,1069
185,36,254,334,286,377
185,42,462,205,489,250
185,47,244,373,280,405
185,48,313,117,327,155
185,49,115,817,151,890
185,51,232,378,273,410
186,1,360,356,381,406
186,2,1875,411,1901,461
186,3,785,403,807,448
186,4,1039,261,1057,306
186,5,587,442,614,494
186,6,1304,398,1325,447
186,7,1560,468,1595,520
186,8,1409,648,1444,717
186,9,521,296,542,348
186,10,201,416,176,396
186,11,638,288,657,341
186,12,600,336,622,384
186,13,923,296,941,339
186,14,1403,312,1425,364
186,15,788,212,806,256
186,16,615,247,637,294
186,17,587,238,606,289
186,18,1649,304,1674,354
186,19,657,236,681,287
186,21,1019,215,1035,259
186,22,753,120,768,144
186,34,1844,1002,1878,1069
186,36,256,332,290,379
186,42,460,204,486,248
186,47,244,374,279,406
186,48,315,117,329,155
186,49,119,816,155,890
186,51,231,379,272,410
187,1,362,356,382,405
187,2,1874,412,1901,461
187,3,786,402,809,448
187,4,1041,261,1059,306
187,5,587,442,613,494
187,6,1304,398,1326,447
187,7,1556,466,1592,519
187,8,1409,647,1445,717
187,9,523,297,544,348
187,10,200,417,174,395
187,11,640,288,660,342
187,12,601,336,623,384
187,13,923,296,942,339
187,14,1405,312,1426,364
187,15,790,212,807,257
187,16,615,247,638,294
187,17,588,238,607,289
187,18,1649,303,1675,354
187,19,657,236,681,287
187,21,1020,215,1037,259
187,22,771,122,786,146
187,34,1845,1001,1878,1069
187,36,258,330,291,376
187,42,458,204,485,248
187,47,232,380,265,411
187,48,317,116,332,154
187,49,123,816,159,890
187,51,231,378,272,409
188,1,364,357,384,406
188,2,1872,412,1900,461
188,3,787,402,810,448
188,4,1043,261,1060,306
188,5,587,442,612,493
188,6,1305,398,1327,447
188,7,1554,465,1589,517
188,8,1409,645,1446,717
188,9,524,297,545,347
188,11,644,288,663,343
188,12,600,336,623,384
188,13,924,296,942,339
188,14,1406,312,1428,364
188,15,792,212,809,257
188,16,616,246,637,291
188,17,590,238,608,289
188,18,1649,303,1675,354
188,19,657,236,681,287
188,21,1023,216,1039,259
188,22,774,123,789,146
188,34,1845,1001,1878,1068
188,36,260,329,293,375
188,42,457,203,483,247
188,47,232,380,264,411
188,48,318,116,334,154
188,49,127,816,163,890
188,51,231,377,273,409
189,1,366,357,386,406
189,2,1869,412,1898,461
189,3,788,401,811,448
189,4,1044,261,1061,306
189,5,587,442,611,494
189,6,1306,399,1327,447
189,7,1553,464,1587,514
189,8,1409,644,1446,717
189,9,526,296,547,348
189,11,646,289,666,342
189,12,601,336,623,385
189,13,924,296,942,339
189,14,1408,312,1429,364
189,15,794,212,810,257
189,16,618,247,638,292
189,17,592,238,610,289
189,18,1647,302,1673,354
189,19,657,236,682,287
189,21,1025,215,1041,259
189,22,779,120,796,147
189,34,1846,1001,1879,1069
189,36,263,329,295,375
189,42,458,203,482,245
189,47,231,382,263,413
189,48,320,116,336,154
189,49,130,815,166,890
189,51,231,376,273,408
190,1,368,356,388,407
190,2,1867,413,1896,460
190,3,789,400,812,448
190,4,1045,261,1063,306
190,5,586,442,611,494
190,6,1306,399,1328,447
190,7,1550,464,1583,512
190,8,1409,644,1446,716
190,9,527,296,549,348
190,11,648,290,668,343
190,12,601,336,623,385
190,13,924,296,942,338
190,14,1409,313,1430,364
190,15,796,211,812,257
190,16,618,248,639,292
190,17,594,239,611,289
190,18,1646,301,1671,354
190,19,658,236,682,287
190,21,1027,215,1043,259
190,22,785,120,801,147
190,34,1846,1001,1880,1070
190,36,264,328,297,376
190,42,458,202,482,244
190,47,230,383,262,414
190,48,322,116,338,154
190,49,85,812,117,875
190,51,231,375,273,408
191,1,369,355,389,406
191,2,1862,413,1892,460
191,3,791,400,813,448
191,4,1046,261,1064,306
191,5,585,442,610,494
191,6,1306,399,1327,447
191,7,1544,464,1577,512
191,8,1409,644,1445,714
191,9,528,296,550,348
191,11,651,291,670,343
191,12,601,336,624,386
191,13,924,296,942,338
191,14,1411,313,1431,364
191,15,797,211,813,257
191,16,619,248,640,292
191,17,595,239,612,289
191,18,1644,301,1669,354
191,19,664,235,686,282
191,21,1029,215,1045,258
191,22,789,120,805,147
191,34,1846,1001,1879,1070
191,36,265,327,299,376
191,42,457,200,481,242
191,47,229,384,261,416
191,48,324,116,340,154
191,49,84,810,118,875
191,51,230,374,274,407
192,1,370,355,391,406
192,2,1857,413,1887,461
192,3,792,399,814,448
192,4,1048,261,1065,306
192,5,584,441,610,495
192,6,1306,398,1327,446
192,7,1539,463,1572,513
192,8,1408,644,1443,712
192,9,530,296,552,348
192,11,652,292,672,344
192,12,601,336,624,387
192,13,925,296,943,340
192,14,1412,313,1432,364
192,15,799,211,815,258
192,16,620,248,641,292
192,17,596,240,613,288
192,18,1644,302,1668,354
192,19,666,235,687,280
192,21,1030,215,1046,258
192,22,791,115,810,147
192,34,1846,1001,1879,1070
192,36,267,328,300,377
192,42,456,199,480,241
192,47,223,380,258,416
192,48,326,116,342,154
192,49,81,809,117,874
192,51,230,373,274,406
193,1,371,354,392,405
193,2,1853,412,1883,461
193,3,793,398,815,448
193,4,1049,261,1067,305
193,5,584,442,610,495
193,6,1306,398,1326,446
193,7,1535,463,1568,512
193,8,1407,645,1441,710
193,9,531,296,554,348
193,11,655,294,674,345
193,12,602,336,625,388
193,13,924,296,943,340
193,14,1413,313,1433,364
193,15,800,211,815,257
193,16,621,248,643,293
193,17,597,241,614,289
193,18,1644,304,1668,354
193,19,668,234,688,279
193,21,1031,216,1048,258
193,22,795,115,814,147
193,34,1845,1001,1879,1071
193,36,268,328,302,378
193,42,455,198,478,239
193,47,218,381,251,418
193,48,328,116,344,154
193,49,82,808,118,874
193,51,230,372,274,406
194,1,373,354,394,405
194,2,1850,412,1880,460
194,3,795,397,816,448
194,4,1050,260,1068,305
194,5,584,442,611,495
194,6,1307,398,1326,446
194,7,1532,462,1564,511
194,8,1407,644,1440,709
194,9,532,296,555,348
194,11,658,295,677,343
194,12,603,337,626,390
194,13,925,296,944,341
194,14,1415,313,1435,364
194,15,801,211,817,257
194,16,622,248,644,293
194,17,598,241,615,289
194,18,1644,305,1667,355
194,19,669,232,688,278
194,21,1033,215,1050,259
194,22,798,115,818,147
194,34,1843,1001,1878,1072
194,36,270,329,303,379
194,42,455,197,477,236
194,47,215,381,247,419
194,48,330,116,346,154
194,49,83,808,119,873
194,51,230,371,275,405
195,1,374,354,395,405
195,2,1847,412,1877,460
195,3,796,397,817,447
195,4,1052,260,1069,305
195,5,584,442,611,495
195,6,1306,398,1326,447
195,7,1529,462,1560,508
195,8,1406,643,1439,707
195,9,533,296,556,348
195,11,660,295,679,344
195,12,604,338,627,391
195,13,925,296,944,341
195,14,1417,313,1436,364
195,15,802,211,818,257
195,16,622,248,644,293
195,17,599,241,616,290
195,18,1643,307,1666,356
195,19,670,231,690,277
195,21,1034,215,1051,258
195,22,802,114,822,147
195,34,1842,1001,1877,1072
195,36,271,329,304,380
195,42,455,196,477,234
195,47,214,381,244,419
195,48,332,116,348,154
195,49,84,807,119,872
195,51,230,370,275,405
196,1,376,354,396,405
196,2,1841,412,1873,460
196,3,797,397,817,447
196,4,1053,259,1070,306
196,5,582,442,611,495
196,6,1306,398,1326,447
196,7,1523,461,1555,506
196,8,1406,644,1438,707
196,9,534,296,557,348
196,11,662,296,681,344
196,12,604,338,627,392
196,13,926,297,946,341
196,14,1418,313,1437,364
196,15,803,211,819,258
196,16,623,248,645,293
196,17,599,241,617,290
196,18,1642,309,1664,357
196,19,671,231,690,276
196,21,1036,215,1053,259
196,22,806,114,826,147
196,34,1840,1001,1875,1072
196,36,273,329,306,381
196,42,455,195,477,235
196,47,212,383,241,420
196,48,334,116,350,154
196,49,85,806,120,872
196,51,230,369,275,404
197,1,377,354,398,406
197,2,1837,412,1869,461
197,3,798,397,818,447
197,4,1054,259,1071,306
197,5,584,442,612,495
197,6,1305,398,1325,447
197,7,1518,461,1549,505
197,8,1405,644,1438,707
197,9,535,296,558,349
197,11,665,294,684,343
197,12,603,338,627,393
197,13,926,297,946,341
197,14,1419,313,1439,364
197,15,804,211,820,258
197,16,623,248,645,293
197,17,600,242,618,290
197,18,1640,311,1662,356
197,19,672,231,691,276
197,21,1037,215,1054,258
197,22,816,120,833,148
197,34,1840,1001,1875,1072
197,36,275,329,307,379
197,42,455,194,477,235
197,47,209,384,236,419
197,48,336,116,352,154
197,49,85,806,121,871
197,51,230,368,276,404
198,1,379,353,399,405
198,2,1831,414,1864,462
198,3,799,397,818,447
198,4,1056,260,1072,306
198,5,584,442,612,495
198,6,1304,398,1326,448
198,7,1510,460,1542,506
198,8,1405,645,1438,707
198,9,536,296,559,349
198,11,667,295,686,343
198,12,603,338,626,393
198,13,926,297,946,341
198,14,1421,313,1440,364
198,15,805,211,821,258
198,16,623,247,646,293
198,17,602,243,620,291
198,18,1640,312,1662,356
198,19,673,231,691,277
198,21,1039,215,1055,258
198,22,822,122,838,148
198,34,1840,1001,1875,1071
198,36,277,329,308,377
198,42,454,192,478,235
198,47,207,386,233,419
198,48,335,115,351,154
198,49,86,805,122,870
198,51,230,367,276,403
199,1,380,352,400,404
199,2,1825,414,1857,461
199,3,800,397,818,447
199,4,1057,260,1073,306
199,5,583,442,611,495
199,6,1305,398,1326,448
199,7,1503,459,1535,507
199,8,1404,645,1438,707
199,9,537,297,561,349
199,11,668,294,688,344
199,12,604,338,627,394
199,13,927,297,946,340
199,14,1422,313,1441,364
199,15,806,211,822,258
199,16,623,247,645,293
199,17,603,243,621,292
199,18,1639,313,1662,357
199,19,674,231,692,276
199,21,1040,215,1056,258
199,22,826,121,842,147
199,34,1840,1001,1875,1072
199,36,280,330,309,376
199,42,455,191,479,234
199,47,203,386,231,420
199,48,336,114,352,154
199,49,83,804,119,870
199,51,230,366,276,402
200,1,384,351,404,403
200,2,1813,412,1845,460
200,3,800,397,819,447
200,4,1061,260,1077,306
200,5,581,442,607,495
200,6,1306,399,1328,449
200,7,1488,454,1521,501
200,8,1402,646,1435,704
200,9,542,298,565,350
200,11,676,296,695,346
200,12,606,339,629,394
200,13,927,298,946,341
200,14,1423,313,1442,364
200,15,807,211,823,258
200,16,625,248,647,295
200,17,604,244,624,294
200,18,1636,303,1662,354
200,19,676,230,695,276
200,21,1042,215,1058,258
200,22,830,122,846,147
200,34,1843,1001,1877,1070
200,36,287,329,316,376
200,42,457,187,480,228
200,47,201,386,228,421
200,48,340,114,355,154
200,49,84,803,120,869
200,51,230,366,277,402
